{"credit":"Made with Blockbench","texture_size":[32,32],"textures":{"1":"medieval_props:bottles","particle":"medieval_props:bottles"},"elements":[{"from":[7.5,0,10.5],"to":[10.5,7,13.5],"rotation":{"angle":0,"axis":"y","origin":[1,0,1]},"faces":{"north":{"uv":[0,0,1.5,3.5],"texture":"#1","tintindex":0},"east":{"uv":[1.5,0,3,3.5],"texture":"#1","tintindex":0},"south":{"uv":[3,0,4.5,3.5],"texture":"#1","tintindex":0},"west":{"uv":[0,3.5,1.5,7],"texture":"#1","tintindex":0},"up":{"uv":[11,3.5,9.5,2],"texture":"#1","tintindex":0},"down":{"uv":[11,3.5,9.5,5],"texture":"#1","tintindex":0}}},{"from":[8,6,11],"to":[10,10,13],"rotation":{"angle":0,"axis":"y","origin":[1,0,1]},"faces":{"north":{"uv":[7.5,11,8.5,13],"texture":"#1","tintindex":0},"east":{"uv":[8.5,11.5,9.5,13.5],"texture":"#1","tintindex":0},"south":{"uv":[9.5,11.5,10.5,13.5],"texture":"#1","tintindex":0},"west":{"uv":[10.5,11.5,11.5,13.5],"texture":"#1","tintindex":0},"up":{"uv":[8.5,7,7.5,6],"texture":"#1","tintindex":0},"down":{"uv":[10.5,5,9.5,6],"texture":"#1"}}},{"from":[7.5,10,10.5],"to":[10.5,11,13.5],"rotation":{"angle":0,"axis":"y","origin":[1,0,1]},"faces":{"north":{"uv":[7,13,8.5,13.5],"texture":"#1"},"east":{"uv":[14,11,15.5,11.5],"texture":"#1"},"south":{"uv":[14.5,3,16,3.5],"texture":"#1"},"west":{"uv":[14.5,3.5,16,4],"texture":"#1"},"up":{"uv":[10.5,11.5,9,10],"texture":"#1"},"down":{"uv":[1.5,10.5,0,12],"texture":"#1"}}},{"from":[7,2,10],"to":[11,4,14],"rotation":{"angle":0,"axis":"y","origin":[1,0,1]},"faces":{"north":{"uv":[11.5,1,13.5,2],"texture":"#1"},"east":{"uv":[11.5,11.5,13.5,12.5],"texture":"#1"},"south":{"uv":[0,12,2,13],"texture":"#1"},"west":{"uv":[12,9.5,14,10.5],"texture":"#1"},"up":{"uv":[9,9,7,7],"texture":"#1"},"down":{"uv":[9.5,0,7.5,2],"texture":"#1"}}},{"name":"cube inverted","from":[11,4,14],"to":[7,2,10],"rotation":{"angle":0,"axis":"y","origin":[1,0,1]},"faces":{"north":{"uv":[12,10.5,14,11.5],"texture":"#1"},"east":{"uv":[2,12.5,4,13.5],"texture":"#1"},"south":{"uv":[12.5,2,14.5,3],"texture":"#1"},"west":{"uv":[12.5,3,14.5,4],"texture":"#1"},"up":{"uv":[9.5,4,7.5,2],"texture":"#1"},"down":{"uv":[9.5,4,7.5,6],"texture":"#1"}}},{"name":"cube inverted","from":[8,4,5],"to":[4,2,1],"rotation":{"angle":-22.5,"axis":"y","origin":[1,0,1]},"faces":{"north":{"uv":[4,12.5,6,13.5],"texture":"#1"},"east":{"uv":[12.5,4,14.5,5],"texture":"#1"},"south":{"uv":[12.5,5,14.5,6],"texture":"#1"},"west":{"uv":[11.5,12.5,13.5,13.5],"texture":"#1"},"up":{"uv":[5,11,3,9],"texture":"#1"},"down":{"uv":[7,9,5,11],"texture":"#1"}}},{"from":[4.5,0,1.5],"to":[7.5,7,4.5],"rotation":{"angle":-22.5,"axis":"y","origin":[1,0,1]},"faces":{"north":{"uv":[1.5,3.5,3,7],"texture":"#1","tintindex":0},"east":{"uv":[3,3.5,4.5,7],"texture":"#1","tintindex":0},"south":{"uv":[4.5,0,6,3.5],"texture":"#1","tintindex":0},"west":{"uv":[4.5,3.5,6,7],"texture":"#1","tintindex":0},"up":{"uv":[3,12,1.5,10.5],"texture":"#1","tintindex":0},"down":{"uv":[12,10,10.5,11.5],"texture":"#1","tintindex":0}}},{"from":[5,6,2],"to":[7,10,4],"rotation":{"angle":-22.5,"axis":"y","origin":[1,0,1]},"faces":{"north":{"uv":[6,12.5,7,14.5],"texture":"#1","tintindex":0},"east":{"uv":[0,13,1,15],"texture":"#1","tintindex":0},"south":{"uv":[1,13,2,15],"texture":"#1","tintindex":0},"west":{"uv":[13,6,14,8],"texture":"#1","tintindex":0},"up":{"uv":[15,14.5,14,13.5],"texture":"#1","tintindex":0},"down":{"uv":[3,14.5,2,15.5],"texture":"#1"}}},{"from":[4.5,10,1.5],"to":[7.5,11,4.5],"rotation":{"angle":-22.5,"axis":"y","origin":[1,0,1]},"faces":{"north":{"uv":[4,14.5,5.5,15],"texture":"#1"},"east":{"uv":[14.5,4,16,4.5],"texture":"#1"},"south":{"uv":[14.5,4.5,16,5],"texture":"#1"},"west":{"uv":[14.5,5,16,5.5],"texture":"#1"},"up":{"uv":[12.5,3.5,11,2],"texture":"#1"},"down":{"uv":[4.5,11,3,12.5],"texture":"#1"}}},{"from":[4,2,1],"to":[8,4,5],"rotation":{"angle":-22.5,"axis":"y","origin":[1,0,1]},"faces":{"north":{"uv":[13,8,15,9],"texture":"#1"},"east":{"uv":[13.5,0,15.5,1],"texture":"#1"},"south":{"uv":[13.5,1,15.5,2],"texture":"#1"},"west":{"uv":[2,13.5,4,14.5],"texture":"#1"},"up":{"uv":[11,8,9,6],"texture":"#1"},"down":{"uv":[9,9,7,11],"texture":"#1"}}},{"name":"cube inverted","from":[15,4,4],"to":[11,2,0],"rotation":{"angle":-22.5,"axis":"y","origin":[1,0,1]},"faces":{"north":{"uv":[4,13.5,6,14.5],"texture":"#1"},"east":{"uv":[7,13.5,9,14.5],"texture":"#1"},"south":{"uv":[9,13.5,11,14.5],"texture":"#1"},"west":{"uv":[11,13.5,13,14.5],"texture":"#1"},"up":{"uv":[11,10,9,8],"texture":"#1"},"down":{"uv":[11.5,0,9.5,2],"texture":"#1"}}},{"from":[11.5,0,0.5],"to":[14.5,7,3.5],"rotation":{"angle":-22.5,"axis":"y","origin":[1,0,1]},"faces":{"north":{"uv":[6,0,7.5,3.5],"texture":"#1","tintindex":0},"east":{"uv":[6,3.5,7.5,7],"texture":"#1","tintindex":0},"south":{"uv":[0,7,1.5,10.5],"texture":"#1","tintindex":0},"west":{"uv":[1.5,7,3,10.5],"texture":"#1","tintindex":0},"up":{"uv":[12.5,5,11,3.5],"texture":"#1","tintindex":0},"down":{"uv":[6,11,4.5,12.5],"texture":"#1","tintindex":0}}},{"from":[12,6,1],"to":[14,10,3],"rotation":{"angle":-22.5,"axis":"y","origin":[1,0,1]},"faces":{"north":{"uv":[13.5,11.5,14.5,13.5],"texture":"#1","tintindex":0},"east":{"uv":[13,13.5,14,15.5],"texture":"#1","tintindex":0},"south":{"uv":[14,6,15,8],"texture":"#1","tintindex":0},"west":{"uv":[14,9,15,11],"texture":"#1","tintindex":0},"up":{"uv":[15.5,3,14.5,2],"texture":"#1","tintindex":0},"down":{"uv":[4,14.5,3,15.5],"texture":"#1"}}},{"from":[11.5,10,0.5],"to":[14.5,11,3.5],"rotation":{"angle":-22.5,"axis":"y","origin":[1,0,1]},"faces":{"north":{"uv":[5.5,14.5,7,15],"texture":"#1"},"east":{"uv":[14.5,5.5,16,6],"texture":"#1"},"south":{"uv":[7,14.5,8.5,15],"texture":"#1"},"west":{"uv":[8.5,14.5,10,15],"texture":"#1"},"up":{"uv":[12.5,6.5,11,5],"texture":"#1"},"down":{"uv":[7.5,11,6,12.5],"texture":"#1"}}},{"from":[11,2,0],"to":[15,4,4],"rotation":{"angle":-22.5,"axis":"y","origin":[1,0,1]},"faces":{"north":{"uv":[11,6.5,13,7.5],"texture":"#1"},"east":{"uv":[11,7.5,13,8.5],"texture":"#1"},"south":{"uv":[11,8.5,13,9.5],"texture":"#1"},"west":{"uv":[11.5,0,13.5,1],"texture":"#1"},"up":{"uv":[5,9,3,7],"texture":"#1"},"down":{"uv":[7,7,5,9],"texture":"#1"}}}],"display":{"thirdperson_righthand":{"rotation":[40,40,0],"scale":[0.4,0.4,0.4]},"thirdperson_lefthand":{"rotation":[40,40,0],"scale":[0.4,0.4,0.4]},"firstperson_righthand":{"rotation":[0,111,0],"translation":[0,3.7,0],"scale":[0.7,0.7,0.7]},"firstperson_lefthand":{"rotation":[0,111,0],"translation":[0,3.75,0],"scale":[0.7,0.7,0.7]},"ground":{"translation":[0,2,0],"scale":[0.7,0.7,0.7]},"gui":{"rotation":[29,17,0],"translation":[0.75,1.75,0],"scale":[0.7,0.7,0.7]},"fixed":{"rotation":[-90,0,0],"translation":[0,0,-15.5],"scale":[2,2,2]}},"mcmodels":"b0b49feeb40fd2f958fda60e72fbf591"}