{"credit":"Made with Blockbench","texture_size":[32,32],"textures":{"0":"medieval_props:globe","particle":"medieval_props:globe"},"elements":[{"from":[5,0,5],"to":[11,1,11],"faces":{"north":{"uv":[4,12,7,12.5],"texture":"#0"},"east":{"uv":[7,12,10,12.5],"texture":"#0"},"south":{"uv":[10,12,13,12.5],"texture":"#0"},"west":{"uv":[12.5,0,15.5,0.5],"texture":"#0"},"up":{"uv":[12.5,9,9.5,6],"texture":"#0"},"down":{"uv":[12.5,9,9.5,12],"texture":"#0"}}},{"from":[7,1,7],"to":[9,5,9],"faces":{"north":{"uv":[0,12,1,14],"texture":"#0"},"east":{"uv":[1,12,2,14],"texture":"#0"},"south":{"uv":[2,12,3,14],"texture":"#0"},"west":{"uv":[3,12,4,14],"texture":"#0"},"up":{"uv":[13.5,1.5,12.5,0.5],"texture":"#0"},"down":{"uv":[13.5,1.5,12.5,2.5],"texture":"#0"}}},{"from":[0,3,8],"to":[13,15,8],"faces":{"north":{"uv":[0,0,6.5,6],"texture":"#0"},"east":{"uv":[0,0,0,6],"texture":"#0"},"south":{"uv":[0,6,6.5,12],"texture":"#0"},"west":{"uv":[0,0,0,6],"texture":"#0"},"up":{"uv":[6.5,0,0,0],"texture":"#0"},"down":{"uv":[6.5,0,0,0],"texture":"#0"}}},{"from":[5,6,5],"to":[11,12,11],"faces":{"north":{"uv":[6.5,0,9.5,3],"texture":"#0"},"east":{"uv":[6.5,3,9.5,6],"texture":"#0"},"south":{"uv":[6.5,6,9.5,9],"texture":"#0"},"west":{"uv":[6.5,9,9.5,12],"texture":"#0"},"up":{"uv":[12.5,3,9.5,0],"texture":"#0"},"down":{"uv":[12.5,3,9.5,6],"texture":"#0"}}}],"display":{"thirdperson_righthand":{"rotation":[40,40,0],"scale":[0.4,0.4,0.4]},"thirdperson_lefthand":{"rotation":[40,40,0],"scale":[0.4,0.4,0.4]},"firstperson_righthand":{"rotation":[0,-55,0],"translation":[0,3.2,0],"scale":[0.5,0.5,0.5]},"firstperson_lefthand":{"rotation":[0,-55,0],"translation":[0,3.25,0],"scale":[0.5,0.5,0.5]},"ground":{"scale":[0.55,0.55,0.55]},"gui":{"rotation":[30,-34,0],"translation":[0,1.25,0],"scale":[0.8,0.8,0.8]},"fixed":{"rotation":[-90,0,0],"translation":[0,0,-15.5],"scale":[2,2,2]}},"mcmodels":"b0b49feeb40fd2f958fda60e72fbf591"}