{"credit":"Made with Blockbench","texture_size":[32,32],"textures":{"0":"medieval_props:kettle","particle":"medieval_props:kettle"},"elements":[{"from":[5,0,5],"to":[11,6,11],"faces":{"north":{"uv":[0,0,3,3],"texture":"#0","tintindex":0},"east":{"uv":[0,3,3,6],"texture":"#0","tintindex":0},"south":{"uv":[3,0,6,3],"texture":"#0","tintindex":0},"west":{"uv":[3,3,6,6],"texture":"#0","tintindex":0},"up":{"uv":[3,9,0,6],"texture":"#0","tintindex":0},"down":{"uv":[9,0,6,3],"texture":"#0","tintindex":0}}},{"from":[8,0,11],"to":[8,6,17],"faces":{"north":{"uv":[0,0,0,3],"texture":"#0"},"east":{"uv":[3,6,6,9],"texture":"#0","tintindex":0},"south":{"uv":[0,0,0,3],"texture":"#0"},"west":{"uv":[6,3,9,6],"texture":"#0","tintindex":0},"up":{"uv":[0,3,0,0],"texture":"#0"},"down":{"uv":[0,0,0,3],"texture":"#0"}}},{"from":[7,3.25,-0.75],"to":[9,5.25,4.25],"rotation":{"angle":22.5,"axis":"x","origin":[0,0,0]},"faces":{"north":{"uv":[0,9,1,10],"texture":"#0","tintindex":0},"east":{"uv":[6,6,8.5,7],"texture":"#0","tintindex":0},"south":{"uv":[9,0,10,1],"texture":"#0","tintindex":0},"west":{"uv":[6,7,8.5,8],"texture":"#0","tintindex":0},"up":{"uv":[7,10.5,6,8],"texture":"#0","tintindex":0},"down":{"uv":[8,8,7,10.5],"texture":"#0","tintindex":0}}},{"from":[6.5,6,6.5],"to":[9.5,7,9.5],"faces":{"north":{"uv":[8.5,7.5,10,8],"texture":"#0","tintindex":0},"east":{"uv":[1,9,2.5,9.5],"texture":"#0","tintindex":0},"south":{"uv":[9,1,10.5,1.5],"texture":"#0","tintindex":0},"west":{"uv":[9,1.5,10.5,2],"texture":"#0","tintindex":0},"up":{"uv":[9.5,9.5,8,8],"texture":"#0","tintindex":0},"down":{"uv":[10,6,8.5,7.5],"texture":"#0"}}}],"display":{"thirdperson_righthand":{"rotation":[40,40,0],"translation":[-1.2,2.7,0],"scale":[0.6,0.6,0.6]},"thirdperson_lefthand":{"rotation":[40,40,0],"translation":[-1.25,2.75,0],"scale":[0.6,0.6,0.6]},"firstperson_righthand":{"translation":[0.5,2.2,-2.2],"scale":[0.7,0.7,0.7]},"firstperson_lefthand":{"translation":[0.5,2.25,-2.25],"scale":[0.7,0.7,0.7]},"ground":{"translation":[0,0.75,0],"scale":[0.7,0.7,0.7]},"gui":{"rotation":[29,-130,0],"translation":[0.75,4,0]},"fixed":{"rotation":[-90,0,0],"translation":[0,0,-15.5],"scale":[2,2,2]}},"mcmodels":"b0b49feeb40fd2f958fda60e72fbf591"}