{"credit":"Made with Blockbench","texture_size":[32,32],"textures":{"1":"medieval_props:medieval_lamp","particle":"medieval_props:medieval_lamp"},"elements":[{"from":[5,1,5],"to":[11,3,11],"faces":{"north":{"uv":[7.5,7.5,10.5,8.5],"texture":"#1"},"east":{"uv":[0,8.5,3,9.5],"texture":"#1"},"south":{"uv":[8.5,0,11.5,1],"texture":"#1"},"west":{"uv":[8.5,1,11.5,2],"texture":"#1"},"up":{"uv":[3,3,0,0],"texture":"#1"},"down":{"uv":[3,3,0,6],"texture":"#1"}}},{"from":[5,8,5],"to":[11,10,11],"faces":{"north":{"uv":[8.5,2,11.5,3],"texture":"#1"},"east":{"uv":[3,8.5,6,9.5],"texture":"#1"},"south":{"uv":[8.5,3,11.5,4],"texture":"#1"},"west":{"uv":[8.5,4,11.5,5],"texture":"#1"},"up":{"uv":[6,3,3,0],"texture":"#1"},"down":{"uv":[6,3,3,6],"texture":"#1"}}},{"from":[5.5,3,5.5],"to":[10.5,8,10.5],"faces":{"north":{"uv":[0,6,2.5,8.5],"texture":"#1"},"east":{"uv":[6,0,8.5,2.5],"texture":"#1"},"south":{"uv":[2.5,6,5,8.5],"texture":"#1"},"west":{"uv":[6,2.5,8.5,5],"texture":"#1"},"up":{"uv":[7.5,8.5,5,6],"texture":"#1"},"down":{"uv":[10,5,7.5,7.5],"texture":"#1"}}},{"from":[5,0,5],"to":[7,1,7],"faces":{"north":{"uv":[7,9.5,8,10],"texture":"#1"},"east":{"uv":[8,9.5,9,10],"texture":"#1"},"south":{"uv":[9,9.5,10,10],"texture":"#1"},"west":{"uv":[3,10,4,10.5],"texture":"#1"},"up":{"uv":[8,9.5,7,8.5],"texture":"#1"},"down":{"uv":[9,8.5,8,9.5],"texture":"#1"}}},{"from":[5,0,9],"to":[7,1,11],"faces":{"north":{"uv":[4,10,5,10.5],"texture":"#1"},"east":{"uv":[5,10,6,10.5],"texture":"#1"},"south":{"uv":[10,5,11,5.5],"texture":"#1"},"west":{"uv":[10,5.5,11,6],"texture":"#1"},"up":{"uv":[10,9.5,9,8.5],"texture":"#1"},"down":{"uv":[1,9.5,0,10.5],"texture":"#1"}}},{"from":[9,0,9],"to":[11,1,11],"faces":{"north":{"uv":[6,10,7,10.5],"texture":"#1"},"east":{"uv":[10,6,11,6.5],"texture":"#1"},"south":{"uv":[10,6.5,11,7],"texture":"#1"},"west":{"uv":[7,10,8,10.5],"texture":"#1"},"up":{"uv":[2,10.5,1,9.5],"texture":"#1"},"down":{"uv":[3,9.5,2,10.5],"texture":"#1"}}},{"from":[9,0,5],"to":[11,1,7],"faces":{"north":{"uv":[3,9.5,4,10],"texture":"#1"},"east":{"uv":[4,9.5,5,10],"texture":"#1"},"south":{"uv":[5,9.5,6,10],"texture":"#1"},"west":{"uv":[6,9.5,7,10],"texture":"#1"},"up":{"uv":[7,6,6,5],"texture":"#1"},"down":{"uv":[7,8.5,6,9.5],"texture":"#1"}}}],"display":{"thirdperson_righthand":{"rotation":[40,40,0],"scale":[0.5,0.5,0.5]},"thirdperson_lefthand":{"rotation":[40,40,0],"scale":[0.5,0.5,0.5]},"firstperson_righthand":{"rotation":[0,14,0],"translation":[0,1.7,0],"scale":[0.6,0.6,0.6]},"firstperson_lefthand":{"rotation":[0,14,0],"translation":[0,1.75,0],"scale":[0.6,0.6,0.6]},"ground":{"scale":[0.6,0.6,0.6]},"gui":{"rotation":[31,24,0],"translation":[0.5,2,0],"scale":[0.8,0.8,0.8]},"fixed":{"rotation":[-90,0,0],"translation":[0,0,-15.5],"scale":[2,2,2]}},"mcmodels":"b0b49feeb40fd2f958fda60e72fbf591"}