{"credit":"Made with Blockbench","texture_size":[32,32],"textures":{"0":"medieval_props:papers","particle":"medieval_props:papers"},"elements":[{"from":[8,0,-5],"to":[16,6,1],"rotation":{"angle":-45,"axis":"y","origin":[0,0,0]},"faces":{"north":{"uv":[0,4,4,7],"texture":"#0"},"east":{"uv":[8,3,11,6],"texture":"#0"},"south":{"uv":[4,4,8,7],"texture":"#0"},"west":{"uv":[0,10,3,13],"texture":"#0"},"up":{"uv":[4,10,0,7],"texture":"#0"},"down":{"uv":[11,0,7,3],"texture":"#0"}}},{"from":[-4,0.25,8],"to":[2,0.25,16],"rotation":{"angle":22.5,"axis":"y","origin":[0,0,0]},"faces":{"north":{"uv":[0,0,3,0],"texture":"#0"},"east":{"uv":[0,0,4,0],"texture":"#0"},"south":{"uv":[0,0,3,0],"texture":"#0"},"west":{"uv":[0,0,4,0],"texture":"#0"},"up":{"uv":[7,11,4,7],"texture":"#0"},"down":{"uv":[10,7,7,11],"texture":"#0"}}},{"from":[3,3.25,6],"to":[10,3.25,14],"rotation":{"angle":22.5,"axis":"y","origin":[0,0,0]},"faces":{"north":{"uv":[0,0,3.5,0],"texture":"#0"},"east":{"uv":[0,0,4,0],"texture":"#0"},"south":{"uv":[0,0,3.5,0],"texture":"#0"},"west":{"uv":[0,0,4,0],"texture":"#0"},"up":{"uv":[3.5,4,0,0],"texture":"#0"},"down":{"uv":[7,0,3.5,4],"texture":"#0"}}}],"display":{"thirdperson_righthand":{"rotation":[40,40,0],"translation":[0,2.7,0],"scale":[0.5,0.5,0.5]},"thirdperson_lefthand":{"rotation":[40,40,0],"translation":[0,2.75,0],"scale":[0.5,0.5,0.5]},"firstperson_righthand":{"rotation":[0,-180,0],"translation":[0,4.5,0],"scale":[0.7,0.7,0.7]},"firstperson_lefthand":{"rotation":[0,180,0],"translation":[0,4.5,0],"scale":[0.7,0.7,0.7]},"ground":{"translation":[0,2,0],"scale":[0.7,0.7,0.7]},"gui":{"rotation":[43,171,0],"translation":[-0.25,1.75,0],"scale":[0.7,0.7,0.7]},"fixed":{"rotation":[-90,0,0],"translation":[0,0,-15.8],"scale":[2,2,2]}},"mcmodels":"b0b49feeb40fd2f958fda60e72fbf591"}