{"credit":"Made with Blockbench","texture_size":[64,64],"textures":{"1":"medieval_props:roasted_pork","particle":"medieval_props:roasted_pork"},"elements":[{"from":[3,0,0],"to":[13,1,16],"faces":{"north":{"uv":[6,7.25,8.5,7.5],"texture":"#1"},"east":{"uv":[6.5,4.5,10.5,4.75],"texture":"#1"},"south":{"uv":[7.5,5,10,5.25],"texture":"#1"},"west":{"uv":[6.5,4.75,10.5,5],"texture":"#1"},"up":{"uv":[2.5,4,0,0],"texture":"#1"},"down":{"uv":[5,0,2.5,4],"texture":"#1"}}},{"from":[5,1,4],"to":[11,7,14],"rotation":{"angle":0,"axis":"y","origin":[0,0,-1]},"faces":{"north":{"uv":[5,5,6.5,6.5],"texture":"#1"},"east":{"uv":[0,4,2.5,5.5],"texture":"#1"},"south":{"uv":[0,5.5,1.5,7],"texture":"#1"},"west":{"uv":[2.5,4,5,5.5],"texture":"#1"},"up":{"uv":[6.5,2.5,5,0],"texture":"#1"},"down":{"uv":[6.5,2.5,5,5],"texture":"#1"}}},{"from":[5,2.5,-2],"to":[11,8.5,4],"rotation":{"angle":0,"axis":"y","origin":[0,0,-1]},"faces":{"north":{"uv":[1.5,5.5,3,7],"texture":"#1"},"east":{"uv":[3,5.5,4.5,7],"texture":"#1"},"south":{"uv":[6.5,0,8,1.5],"texture":"#1"},"west":{"uv":[6.5,1.5,8,3],"texture":"#1"},"up":{"uv":[8,4.5,6.5,3],"texture":"#1"},"down":{"uv":[6,6.5,4.5,8],"texture":"#1"}}},{"from":[6,3,-3],"to":[10,5,-2],"rotation":{"angle":0,"axis":"y","origin":[0,0,-1]},"faces":{"north":{"uv":[6,7.5,7,8],"texture":"#1"},"east":{"uv":[4.5,5.5,4.75,6],"texture":"#1"},"south":{"uv":[7,7.5,8,8],"texture":"#1"},"west":{"uv":[4.75,5.5,5,6],"texture":"#1"},"up":{"uv":[8.5,6.5,7.5,6.25],"texture":"#1"},"down":{"uv":[5.75,8,4.75,8.25],"texture":"#1"}}},{"from":[15,1,6],"to":[19,3,9],"rotation":{"angle":-22.5,"axis":"y","origin":[0,0,-1]},"faces":{"north":{"uv":[0,7.75,1,8.25],"texture":"#1"},"east":{"uv":[8,2,8.75,2.5],"texture":"#1"},"south":{"uv":[1,7.75,2,8.25],"texture":"#1"},"west":{"uv":[8,2.5,8.75,3],"texture":"#1"},"up":{"uv":[7,7.25,6,6.5],"texture":"#1"},"down":{"uv":[1,7,0,7.75],"texture":"#1"}}},{"from":[7.5,1,6.75],"to":[11.5,3,9.75],"rotation":{"angle":22.5,"axis":"y","origin":[0,0,-1]},"faces":{"north":{"uv":[2,7.75,3,8.25],"texture":"#1"},"east":{"uv":[8,3,8.75,3.5],"texture":"#1"},"south":{"uv":[3,7.75,4,8.25],"texture":"#1"},"west":{"uv":[8,3.5,8.75,4],"texture":"#1"},"up":{"uv":[2,7.75,1,7],"texture":"#1"},"down":{"uv":[3,7,2,7.75],"texture":"#1"}}},{"from":[3,1,0.75],"to":[7,3,3.75],"rotation":{"angle":-22.5,"axis":"y","origin":[0,0,-1]},"faces":{"north":{"uv":[8,0,9,0.5],"texture":"#1"},"east":{"uv":[4,8,4.75,8.5],"texture":"#1"},"south":{"uv":[8,0.5,9,1],"texture":"#1"},"west":{"uv":[8,4,8.75,4.5],"texture":"#1"},"up":{"uv":[4,7.75,3,7],"texture":"#1"},"down":{"uv":[8,6.5,7,7.25],"texture":"#1"}}},{"from":[-4,1,12],"to":[0,3,15],"rotation":{"angle":22.5,"axis":"y","origin":[0,0,-1]},"faces":{"north":{"uv":[7.5,5.25,8.5,5.75],"texture":"#1"},"east":{"uv":[8,1,8.75,1.5],"texture":"#1"},"south":{"uv":[7.5,5.75,8.5,6.25],"texture":"#1"},"west":{"uv":[8,1.5,8.75,2],"texture":"#1"},"up":{"uv":[7.5,5.75,6.5,5],"texture":"#1"},"down":{"uv":[7.5,5.75,6.5,6.5],"texture":"#1"}}}],"display":{"thirdperson_righthand":{"rotation":[40,40,0],"translation":[0,1.5,0],"scale":[0.3,0.3,0.3]},"thirdperson_lefthand":{"rotation":[40,40,0],"translation":[0,1.5,0],"scale":[0.3,0.3,0.3]},"firstperson_righthand":{"rotation":[0,22,0],"translation":[0,3,0],"scale":[0.5,0.5,0.5]},"firstperson_lefthand":{"rotation":[0,22,0],"translation":[0,3,0],"scale":[0.5,0.5,0.5]},"ground":{"scale":[0.5,0.5,0.5]},"gui":{"rotation":[34,-134,0],"translation":[0,1.5,0],"scale":[0.6,0.6,0.6]},"fixed":{"rotation":[-90,0,0],"translation":[0,0,-15.5],"scale":[2,2,2]}},"mcmodels":"b0b49feeb40fd2f958fda60e72fbf591"}