{
  "samus.blade_critical": {
    "category": "master",
    "sounds": [
      "assassin:samus/assassin/blade_critical"
    ]
  },
  "samus.blade_dance_teleport": {
    "category": "master",
    "sounds": [
      "assassin:samus/assassin/blade_dance_teleport"
    ]
  },
  "samus.blade_slash": {
    "category": "master",
    "sounds": [
      "assassin:samus/assassin/blade_slash_1",
	  "assassin:samus/assassin/blade_slash_2"
    ]
  },
  "samus.blade_spin": {
    "category": "master",
    "sounds": [
      "assassin:samus/assassin/blade_spin"
    ]
  },
  "samus.dash": {
    "category": "master",
    "sounds": [
      "assassin:samus/assassin/dash"
    ]
  },
  "samus.shadow_walk": {
    "category": "master",
    "sounds": [
      "assassin:samus/assassin/shadow_walk"
    ]
  }
}