{"credit":"Made with Blockbench by ShizuArt","textures":{"0":"shizuart_furnitures:market_booths/florist/market_booth_florist_dyeable","1":"shizuart_furnitures:market_booths/florist/market_booth_florist_dyeable2","particle":"shizuart_furnitures:market_booths/florist/market_booth_florist_dyeable"},"elements":[{"from":[-13.25,20.5,-9.5],"to":[29.25,22.5,25.5],"rotation":{"angle":0,"axis":"y","origin":[-0.5,0,4]},"faces":{"north":{"uv":[0,4.0625,5.3125,4.3125],"texture":"#0"},"east":{"uv":[5.625,4.5,5.375,8.875],"rotation":90,"texture":"#0"},"south":{"uv":[5.3125,4.0625,0,4.3125],"texture":"#0"},"west":{"uv":[5.625,4.5,5.375,8.875],"rotation":90,"texture":"#0"},"up":{"uv":[0,4.5,5.3125,8.875],"texture":"#0"},"down":{"uv":[0,4.5,5.3125,8.875],"texture":"#0"}}},{"from":[-10.25,22.5,-7.5],"to":[26.25,24.5,23.5],"rotation":{"angle":0,"axis":"y","origin":[2.5,-3.5,15]},"faces":{"north":{"uv":[0,10.9375,4.5625,11.1875],"texture":"#0"},"east":{"uv":[3.875,10.625,0,10.875],"texture":"#0"},"south":{"uv":[0,10.9375,4.5625,11.1875],"texture":"#0"},"west":{"uv":[3.875,10.625,0,10.875],"texture":"#0"},"up":{"uv":[5.6875,4.0625,10.25,7.9375],"texture":"#0"}}},{"from":[-10.25,22.5,-7.5],"to":[26.25,24.5,23.5],"rotation":{"angle":0,"axis":"y","origin":[2.5,-3.5,15]},"faces":{"north":{"uv":[0,10.9375,4.5625,11.1875],"texture":"#1","tintindex":0},"east":{"uv":[3.875,10.625,0,10.875],"texture":"#1","tintindex":0},"south":{"uv":[0,10.9375,4.5625,11.1875],"texture":"#1","tintindex":0},"west":{"uv":[3.875,10.625,0,10.875],"texture":"#1","tintindex":0},"up":{"uv":[5.6875,4.0625,10.25,7.9375],"texture":"#1","tintindex":0}}},{"from":[-13.25,16,-9.5],"to":[29.25,20.5,25.5],"rotation":{"angle":0,"axis":"y","origin":[6,17.5,36.75]},"faces":{"north":{"uv":[0,9.5625,5.0625,10.125],"texture":"#0"},"east":{"uv":[0,8.9375,4.375,9.5],"texture":"#0"},"south":{"uv":[0,9.5625,5.0625,10.125],"texture":"#0"},"west":{"uv":[0,8.9375,4.375,9.5],"texture":"#0"}}},{"from":[29.25,16,-9.5],"to":[-13.25,20.5,25.5],"rotation":{"angle":0,"axis":"y","origin":[9,17.5,36.75]},"faces":{"north":{"uv":[5.0625,9.5625,0,10.125],"texture":"#0"},"east":{"uv":[4.375,8.9375,0,9.5],"texture":"#0"},"south":{"uv":[5.0625,9.5625,0,10.125],"texture":"#0"},"west":{"uv":[4.375,8.9375,0,9.5],"texture":"#0"}}},{"from":[-13.25,16,-9.5],"to":[29.25,20.5,25.5],"rotation":{"angle":0,"axis":"y","origin":[6,17.5,36.75]},"faces":{"north":{"uv":[0,9.5625,5.0625,10.125],"texture":"#1","tintindex":0},"east":{"uv":[0,8.9375,4.375,9.5],"texture":"#1","tintindex":0},"south":{"uv":[0,9.5625,5.0625,10.125],"texture":"#1","tintindex":0},"west":{"uv":[0,8.9375,4.375,9.5],"texture":"#1","tintindex":0}}},{"from":[29.25,16,-9.5],"to":[-13.25,20.5,25.5],"rotation":{"angle":0,"axis":"y","origin":[9,17.5,36.75]},"faces":{"north":{"uv":[5.0625,9.5625,0,10.125],"texture":"#1","tintindex":0},"east":{"uv":[4.375,8.9375,0,9.5],"texture":"#1","tintindex":0},"south":{"uv":[5.0625,9.5625,0,10.125],"texture":"#1","tintindex":0},"west":{"uv":[4.375,8.9375,0,9.5],"texture":"#1","tintindex":0}}},{"from":[22,-0.06055,-5],"to":[25,24,-2],"rotation":{"angle":0,"axis":"y","origin":[7.25,0,12]},"faces":{"north":{"uv":[0,13,0.375,16],"texture":"#0"},"east":{"uv":[0,13,0.375,16],"texture":"#0"},"south":{"uv":[0,13,0.375,16],"texture":"#0"},"west":{"uv":[0,13,0.375,16],"texture":"#0"},"down":{"uv":[0.375,12.9375,0,12.5625],"texture":"#0"}}},{"from":[22.02911,15.87653,-9.13909],"to":[25.00371,21.37653,-6.13909],"rotation":{"angle":-45,"axis":"x","origin":[1.02715,21.37653,-7.88909]},"faces":{"north":{"uv":[0.875,15.3125,1.25,16],"texture":"#0"},"east":{"uv":[0.8125,14.5625,0.4375,15.25],"texture":"#0"},"south":{"uv":[0.4375,15.3125,0.8125,16],"texture":"#0"},"west":{"uv":[0.4375,14.5625,0.8125,15.25],"texture":"#0"}}},{"from":[22.91624,13.67678,-4.98644],"to":[25.91624,19.17678,-2.00987],"rotation":{"angle":-45,"axis":"z","origin":[28.91624,16.42678,-3.56066]},"faces":{"north":{"uv":[0.4375,14.5625,0.8125,15.25],"texture":"#0"},"east":{"uv":[0.875,15.3125,1.25,16],"texture":"#0"},"south":{"uv":[0.8125,14.5625,0.4375,15.25],"texture":"#0"},"west":{"uv":[0.4375,15.3125,0.8125,16],"texture":"#0"}}},{"from":[22.91624,13.67678,18.01769],"to":[25.91624,19.17678,20.99425],"rotation":{"angle":-45,"axis":"z","origin":[28.91624,16.42678,19.56066]},"faces":{"north":{"uv":[0.4375,14.5625,0.8125,15.25],"texture":"#0"},"east":{"uv":[1.25,15.3125,0.875,16],"texture":"#0"},"south":{"uv":[0.8125,14.5625,0.4375,15.25],"texture":"#0"},"west":{"uv":[0.8125,15.3125,0.4375,16],"texture":"#0"}}},{"from":[22.0213,15.87653,22.13909],"to":[24.9959,21.37653,25.13909],"rotation":{"angle":45,"axis":"x","origin":[1.02715,21.37653,23.88909]},"faces":{"north":{"uv":[0.8125,15.3125,0.4375,16],"texture":"#0"},"east":{"uv":[0.4375,14.5625,0.8125,15.25],"texture":"#0"},"south":{"uv":[1.25,15.3125,0.875,16],"texture":"#0"},"west":{"uv":[0.8125,14.5625,0.4375,15.25],"texture":"#0"}}},{"from":[22,-0.06055,18],"to":[25,24,21],"rotation":{"angle":0,"axis":"y","origin":[7.25,0,4]},"faces":{"north":{"uv":[0.375,13,0,16],"texture":"#0"},"east":{"uv":[0.375,13,0,16],"texture":"#0"},"south":{"uv":[0.375,13,0,16],"texture":"#0"},"west":{"uv":[0.375,13,0,16],"texture":"#0"},"down":{"uv":[0.375,12.5625,0,12.9375],"texture":"#0"}}},{"from":[-9,-0.06055,-5],"to":[-6,24,-2],"rotation":{"angle":0,"axis":"y","origin":[8.75,0,12]},"faces":{"north":{"uv":[0.375,13,0,16],"texture":"#0"},"east":{"uv":[0.375,13,0,16],"texture":"#0"},"south":{"uv":[0.375,13,0,16],"texture":"#0"},"west":{"uv":[0.375,13,0,16],"texture":"#0"},"down":{"uv":[0,12.9375,0.375,12.5625],"texture":"#0"}}},{"from":[-8.99199,15.87653,-9.13909],"to":[-6.01739,21.37653,-6.13909],"rotation":{"angle":-45,"axis":"x","origin":[14.97285,21.37653,-7.88909]},"faces":{"north":{"uv":[1.25,15.3125,0.875,16],"texture":"#0"},"east":{"uv":[0.8125,14.5625,0.4375,15.25],"texture":"#0"},"south":{"uv":[0.8125,15.3125,0.4375,16],"texture":"#0"},"west":{"uv":[0.4375,14.5625,0.8125,15.25],"texture":"#0"}}},{"from":[-9.91624,13.92678,-5.00597],"to":[-6.91624,19.17678,-2.02941],"rotation":{"angle":45,"axis":"z","origin":[-12.91624,16.42678,-3.56066]},"faces":{"north":{"uv":[0.8125,14.5625,0.4375,15.25],"texture":"#0"},"east":{"uv":[0.8125,15.3125,0.4375,16],"texture":"#0"},"south":{"uv":[0.4375,14.5625,0.8125,15.25],"texture":"#0"},"west":{"uv":[1.25,15.3125,0.875,16],"texture":"#0"}}},{"from":[-9,-0.06055,18],"to":[-6,24,21],"rotation":{"angle":0,"axis":"y","origin":[8.75,0,4]},"faces":{"north":{"uv":[0,13,0.375,16],"texture":"#0"},"east":{"uv":[0,13,0.375,16],"texture":"#0"},"south":{"uv":[0,13,0.375,16],"texture":"#0"},"west":{"uv":[0,13,0.375,16],"texture":"#0"},"down":{"uv":[0,12.5625,0.375,12.9375],"texture":"#0"}}},{"from":[-8.99199,15.87653,22.13909],"to":[-6.01739,21.37653,25.13909],"rotation":{"angle":45,"axis":"x","origin":[14.97285,21.37653,23.88909]},"faces":{"north":{"uv":[0.4375,15.3125,0.8125,16],"texture":"#0"},"east":{"uv":[0.4375,14.5625,0.8125,15.25],"texture":"#0"},"south":{"uv":[0.875,15.3125,1.25,16],"texture":"#0"},"west":{"uv":[0.8125,14.5625,0.4375,15.25],"texture":"#0"}}},{"from":[-9.91624,13.92678,18.01769],"to":[-6.91624,19.17678,20.99425],"rotation":{"angle":45,"axis":"z","origin":[-12.91624,16.42678,19.56066]},"faces":{"north":{"uv":[0.8125,14.5625,0.4375,15.25],"texture":"#0"},"east":{"uv":[0.4375,15.3125,0.8125,16],"texture":"#0"},"south":{"uv":[0.4375,14.5625,0.8125,15.25],"texture":"#0"},"west":{"uv":[0.875,15.3125,1.25,16],"texture":"#0"}}},{"from":[-6,8,-6.5],"to":[22,9,-2.5],"rotation":{"angle":0,"axis":"y","origin":[-0.5,0,4]},"faces":{"north":{"uv":[4.6875,12.1875,1.1875,12.25],"texture":"#0"},"east":{"uv":[1.1875,12.1875,1.25,12.6875],"rotation":90,"texture":"#0"},"south":{"uv":[1.1875,12.625,4.6875,12.6875],"texture":"#0"},"west":{"uv":[1.1875,12.6875,1.25,12.1875],"rotation":90,"texture":"#0"},"up":{"uv":[1.1875,12.1875,4.6875,12.6875],"texture":"#0"},"down":{"uv":[1.1875,12.6875,4.6875,12.1875],"texture":"#0"}}},{"from":[-0.25,24.5,2.5],"to":[16.25,25.5,13.5],"rotation":{"angle":0,"axis":"y","origin":[4,4,4]},"faces":{"north":{"uv":[5.125,10.875,7.1875,10.9375],"texture":"#0"},"east":{"uv":[7.125,9.5625,7.1875,10.9375],"rotation":90,"texture":"#0"},"south":{"uv":[5.125,9.5625,7.1875,9.625],"texture":"#0"},"west":{"uv":[5.125,9.5625,5.1875,10.9375],"rotation":90,"texture":"#0"},"up":{"uv":[5.125,9.5625,7.1875,10.9375],"texture":"#0"}}},{"from":[24.5,6.65234,1.5],"to":[25.5,7.65234,14.5],"rotation":{"angle":0,"axis":"y","origin":[12,4,4]},"faces":{"north":{"uv":[2.5,3.375,2.375,3.5],"rotation":90,"texture":"#0"},"east":{"uv":[2.375,3.625,4,3.6875],"texture":"#0"},"south":{"uv":[2.375,3.5,2.5,3.375],"rotation":90,"texture":"#0"},"up":{"uv":[4,3.6875,2.375,3.5625],"rotation":90,"texture":"#0"},"down":{"uv":[2.375,3.6875,4,3.5625],"rotation":90,"texture":"#0"}}},{"from":[-9.5,6.67969,1.5],"to":[-8.5,7.67969,14.5],"rotation":{"angle":0,"axis":"y","origin":[4,4,4]},"faces":{"north":{"uv":[2.5,3.5,2.375,3.375],"rotation":90,"texture":"#0"},"south":{"uv":[2.375,3.375,2.5,3.5],"rotation":90,"texture":"#0"},"west":{"uv":[2.375,3.625,4,3.6875],"texture":"#0"},"up":{"uv":[2.375,3.5625,4,3.6875],"rotation":90,"texture":"#0"},"down":{"uv":[4,3.5625,2.375,3.6875],"rotation":90,"texture":"#0"}}},{"from":[-9.25,1.92969,1.5],"to":[-9.25,7.42969,14],"rotation":{"angle":0,"axis":"y","origin":[4,4,4]},"faces":{"east":{"uv":[5.6875,1,7.25,1.6875],"texture":"#0"},"west":{"uv":[5.6875,1,7.25,1.6875],"texture":"#0"}}},{"from":[25.25,1.90234,1.5],"to":[25.25,7.40234,14],"rotation":{"angle":0,"axis":"y","origin":[12,4,4]},"faces":{"east":{"uv":[7.25,1,5.6875,1.6875],"texture":"#0"},"west":{"uv":[7.25,1,5.6875,1.6875],"texture":"#0"}}},{"from":[0,2.5,-5],"to":[16,7,-4.5],"rotation":{"angle":0,"axis":"y","origin":[4,4,4]},"faces":{"north":{"uv":[9,0,11,0.5625],"texture":"#0"},"east":{"uv":[9,0,9.0625,0.5625],"texture":"#0"},"west":{"uv":[9,0,9.0625,0.5625],"texture":"#0"},"up":{"uv":[11,0,9,0.0625],"texture":"#0"},"down":{"uv":[11,0.5,9,0.5625],"texture":"#0"}}},{"from":[-4,15,-4.5],"to":[20,20.5,-4.5],"rotation":{"angle":0,"axis":"y","origin":[4,4,4]},"faces":{"north":{"uv":[5.6875,0,8.6875,0.6875],"texture":"#0"},"south":{"uv":[5.6875,0,8.6875,0.6875],"texture":"#0"}}},{"from":[21.5,8.5,-10.5],"to":[26.5,12,-5.5],"rotation":{"angle":0,"axis":"y","origin":[20,7,-12]},"faces":{"north":{"uv":[15.375,4.1875,16,4.625],"texture":"#0"},"east":{"uv":[15.375,4.1875,16,4.625],"texture":"#0"},"south":{"uv":[15.375,4.1875,16,4.625],"texture":"#0"},"west":{"uv":[15.375,4.1875,16,4.625],"texture":"#0"},"up":{"uv":[15.375,5.375,16,6],"texture":"#0"},"down":{"uv":[15.375,4.6875,16,5.3125],"texture":"#0"}}},{"from":[15.57612,2.5,-8.11732],"to":[31.998,16.5,-8.11732],"rotation":{"angle":0,"axis":"y","origin":[23.82612,9.5,-8.11732]},"faces":{"north":{"uv":[13.8125,0.125,15.875,1.875],"texture":"#0"},"south":{"uv":[15.875,0.125,13.8125,1.875],"texture":"#0"}}},{"from":[23.82612,2.5,-15.95716],"to":[23.748,16.5,0.13268],"rotation":{"angle":22.5,"axis":"y","origin":[23.82612,9.5,-8.11732]},"faces":{"east":{"uv":[15.875,0.125,13.8125,1.875],"texture":"#0"},"west":{"uv":[13.8125,0.125,15.875,1.875],"texture":"#0"}}},{"from":[22.53124,11.64684,-8],"to":[23.03124,17.14684,-8],"rotation":{"angle":-22.5,"axis":"z","origin":[22.78124,14.39684,-8]},"faces":{"north":{"uv":[15.75,3.3125,15.8125,4],"texture":"#0"},"south":{"uv":[15.75,3.3125,15.8125,4],"texture":"#0"}}},{"from":[24.96876,11.64684,-8],"to":[25.46876,17.14684,-8],"rotation":{"angle":22.5,"axis":"z","origin":[25.21876,14.39684,-8]},"faces":{"north":{"uv":[15.8125,3.3125,15.75,4],"texture":"#0"},"south":{"uv":[15.8125,3.3125,15.75,4],"texture":"#0"}}},{"from":[24,11.18044,-9.37599],"to":[24,16.68044,-8.87599],"rotation":{"angle":22.5,"axis":"x","origin":[24,14.39684,-8]},"faces":{"east":{"uv":[15.75,3.3125,15.8125,4],"texture":"#0"},"west":{"uv":[15.75,3.3125,15.8125,4],"texture":"#0"}}},{"from":[24,17.39684,-8.21876],"to":[24,20.39684,-7.71876],"rotation":{"angle":0,"axis":"y","origin":[24,14.39684,-9.21876]},"faces":{"east":{"uv":[15.75,3.3125,15.8125,3.6875],"texture":"#0"},"west":{"uv":[15.75,3.3125,15.8125,3.6875],"texture":"#0"}}},{"from":[24,11.18044,-7.12401],"to":[24,16.68044,-6.62401],"rotation":{"angle":-22.5,"axis":"x","origin":[24,14.39684,-8]},"faces":{"east":{"uv":[15.8125,3.3125,15.75,4],"texture":"#0"},"west":{"uv":[15.8125,3.3125,15.75,4],"texture":"#0"}}},{"from":[23.5,16.5,-8.5],"to":[24.5,17.5,-7.5],"rotation":{"angle":0,"axis":"y","origin":[24,17,-8]},"faces":{"north":{"uv":[15.5,3.875,15.625,4],"texture":"#0"},"east":{"uv":[15.625,3.875,15.5,4],"texture":"#0"},"south":{"uv":[15.5,3.875,15.625,4],"texture":"#0"},"west":{"uv":[15.625,3.875,15.5,4],"texture":"#0"},"up":{"uv":[15.3125,3.875,15.4375,4],"texture":"#0"},"down":{"uv":[15.3125,3.6875,15.4375,3.8125],"texture":"#0"}}},{"from":[-10.5,8.5,-10.5],"to":[-5.5,12,-5.5],"rotation":{"angle":0,"axis":"y","origin":[-4,7,-12]},"faces":{"north":{"uv":[16,4.1875,15.375,4.625],"texture":"#0"},"east":{"uv":[16,4.1875,15.375,4.625],"texture":"#0"},"south":{"uv":[16,4.1875,15.375,4.625],"texture":"#0"},"west":{"uv":[16,4.1875,15.375,4.625],"texture":"#0"},"up":{"uv":[16,5.375,15.375,6],"texture":"#0"},"down":{"uv":[16,4.6875,15.375,5.3125],"texture":"#0"}}},{"from":[-15.97065,2.5,-8.11732],"to":[0.42388,16.5,-8.11732],"rotation":{"angle":0,"axis":"y","origin":[-7.82612,9.5,-8.11732]},"faces":{"north":{"uv":[13.5625,0.125,11.5,1.875],"texture":"#0"},"south":{"uv":[11.5,0.125,13.5625,1.875],"texture":"#0"}}},{"from":[-7.82612,2.5,-15.96497],"to":[-7.82612,16.5,0.13268],"rotation":{"angle":-22.5,"axis":"y","origin":[-7.82612,11.75,-8.11732]},"faces":{"east":{"uv":[13.5625,0.125,11.5,1.875],"texture":"#0"},"west":{"uv":[11.5,0.125,13.5625,1.875],"texture":"#0"}}},{"from":[-7.03124,11.64684,-8],"to":[-6.53124,17.14684,-8],"rotation":{"angle":22.5,"axis":"z","origin":[-6.78124,14.39684,-8]},"faces":{"north":{"uv":[15.8125,3.3125,15.75,4],"texture":"#0"},"south":{"uv":[15.8125,3.3125,15.75,4],"texture":"#0"}}},{"from":[-9.46876,11.64684,-8],"to":[-8.96876,17.14684,-8],"rotation":{"angle":-22.5,"axis":"z","origin":[-9.21876,14.39684,-8]},"faces":{"north":{"uv":[15.75,3.3125,15.8125,4],"texture":"#0"},"south":{"uv":[15.75,3.3125,15.8125,4],"texture":"#0"}}},{"from":[-8,11.18044,-9.37599],"to":[-8,16.68044,-8.87599],"rotation":{"angle":22.5,"axis":"x","origin":[-8,14.39684,-8]},"faces":{"east":{"uv":[15.8125,3.3125,15.75,4],"texture":"#0"},"west":{"uv":[15.8125,3.3125,15.75,4],"texture":"#0"}}},{"from":[-8,17.39684,-8.21876],"to":[-8,20.39684,-7.71876],"rotation":{"angle":0,"axis":"y","origin":[-8,14.39684,-9.21876]},"faces":{"east":{"uv":[15.8125,3.3125,15.75,3.6875],"texture":"#0"},"west":{"uv":[15.8125,3.3125,15.75,3.6875],"texture":"#0"}}},{"from":[-8,11.18044,-7.12401],"to":[-8,16.68044,-6.62401],"rotation":{"angle":-22.5,"axis":"x","origin":[-8,14.39684,-8]},"faces":{"east":{"uv":[15.75,3.3125,15.8125,4],"texture":"#0"},"west":{"uv":[15.75,3.3125,15.8125,4],"texture":"#0"}}},{"from":[-8.5,16.5,-8.5],"to":[-7.5,17.5,-7.5],"rotation":{"angle":0,"axis":"y","origin":[-8,17,-8]},"faces":{"north":{"uv":[15.625,3.875,15.5,4],"texture":"#0"},"east":{"uv":[15.5,3.875,15.625,4],"texture":"#0"},"south":{"uv":[15.625,3.875,15.5,4],"texture":"#0"},"west":{"uv":[15.5,3.875,15.625,4],"texture":"#0"},"up":{"uv":[15.4375,3.875,15.3125,4],"texture":"#0"},"down":{"uv":[15.4375,3.6875,15.3125,3.8125],"texture":"#0"}}},{"from":[-8.5,0,-4.5],"to":[24.5,2,20.5],"rotation":{"angle":0,"axis":"y","origin":[-0.5,0,4]},"faces":{"north":{"uv":[8.375,8.5625,8.125,12.6875],"rotation":90,"texture":"#0"},"east":{"uv":[8.125,8.8125,11.25,8.5625],"texture":"#0"},"south":{"uv":[11,12.6875,11.25,8.5625],"rotation":90,"texture":"#0"},"west":{"uv":[8.125,12.4375,11.25,12.6875],"texture":"#0"},"up":{"uv":[15.25,12.6875,12.125,8.5625],"rotation":90,"texture":"#0"},"down":{"uv":[12.125,12.6875,15.25,8.5625],"rotation":90,"texture":"#0"}}},{"from":[24.04688,0,-4.03516],"to":[-8.05078,2,20.07422],"rotation":{"angle":0,"axis":"y","origin":[-0.5,0,4]},"faces":{"north":{"uv":[8.375,12.625,8.125,8.625],"rotation":90,"texture":"#0"},"east":{"uv":[8.1875,8.8125,11.1875,8.5625],"texture":"#0"},"south":{"uv":[11,8.625,11.25,12.625],"rotation":90,"texture":"#0"},"west":{"uv":[8.1875,12.4375,11.1875,12.6875],"texture":"#0"}}},{"from":[-8.5,2,-4.5],"to":[24.5,21,20.5],"faces":{"east":{"uv":[7.1875,13.375,10.3125,15.6875],"texture":"#0"},"south":{"uv":[2.375,13.375,6.5,15.6875],"texture":"#0"},"west":{"uv":[7.1875,13.375,10.3125,15.6875],"texture":"#0"}}},{"from":[24.5,2,-4.5],"to":[-8.5,21,20.5],"rotation":{"angle":0,"axis":"y","origin":[26,0,0]},"faces":{"north":{"uv":[15.5,5.75,11.375,8.0625],"texture":"#0"},"east":{"uv":[10.3125,13.375,7.1875,15.6875],"texture":"#0"},"south":{"uv":[6.5,13.375,2.375,15.6875],"texture":"#0"},"west":{"uv":[10.3125,13.375,7.1875,15.6875],"texture":"#0"}}},{"from":[-8.5,2,-4.5],"to":[24.5,21,20.5],"faces":{"north":{"uv":[11.375,5.75,15.5,8.0625],"texture":"#1","tintindex":0},"east":{"uv":[7.1875,13.375,10.3125,15.6875],"texture":"#1","tintindex":0},"south":{"uv":[2.375,13.375,6.5,15.6875],"texture":"#1","tintindex":0},"west":{"uv":[7.1875,13.375,10.3125,15.6875],"texture":"#1","tintindex":0}}},{"from":[24.5,2,-4.5],"to":[-8.5,21,20.5],"rotation":{"angle":0,"axis":"y","origin":[26,0,0]},"faces":{"north":{"uv":[15.5,5.75,11.375,8.0625],"texture":"#1","tintindex":0},"east":{"uv":[10.3125,13.375,7.1875,15.6875],"texture":"#1","tintindex":0},"south":{"uv":[6.5,13.375,2.375,15.6875],"texture":"#1","tintindex":0},"west":{"uv":[10.3125,13.375,7.1875,15.6875],"texture":"#1","tintindex":0}}},{"from":[-8.5,0,13.5],"to":[24.5,7,20.5],"faces":{"north":{"uv":[0,0,4.125,0.875],"texture":"#0"},"down":{"uv":[4.25,2.1875,8.375,3.0625],"texture":"#0"}}},{"from":[-8.5,6.5,12.5],"to":[24.5,7.5,20.5],"faces":{"north":{"uv":[0,2,4.125,2.125],"texture":"#0"},"up":{"uv":[0,0.9375,4.125,1.9375],"texture":"#0"},"down":{"uv":[0,2.1875,4.125,3.1875],"texture":"#0"}}},{"from":[-3.75,7.5,13.5],"to":[0.75,11,18],"rotation":{"angle":0,"axis":"y","origin":[32.75,7.5,12]},"faces":{"north":{"uv":[14.5625,3.875,15.125,4.3125],"texture":"#0"},"east":{"uv":[15.125,3.875,14.5625,4.3125],"texture":"#0"},"south":{"uv":[14.5625,3.875,15.125,4.3125],"texture":"#0"},"west":{"uv":[15.125,3.875,14.5625,4.3125],"texture":"#0"},"up":{"uv":[14.5625,4.375,15.125,4.9375],"texture":"#0"}}},{"from":[-4,11,13.25],"to":[1,16.5,18.25],"rotation":{"angle":0,"axis":"y","origin":[-1.48826,14,15.75343]},"faces":{"north":{"uv":[13.25,5.1875,13.875,5.8125],"texture":"#0"},"east":{"uv":[13.25,5.1875,13.875,5.8125],"texture":"#0"},"south":{"uv":[13.25,5.1875,13.875,5.8125],"texture":"#0"},"west":{"uv":[13.25,5.1875,13.875,5.8125],"texture":"#0"},"up":{"uv":[13.25,5.1875,13.875,5.8125],"texture":"#0"},"down":{"uv":[13.25,5.1875,13.875,5.8125],"texture":"#0"}}},{"from":[-5.35739,9.75,15.76415],"to":[2.64261,17.75,15.76415],"rotation":{"angle":45,"axis":"y","origin":[-1.48826,14,15.75343]},"faces":{"north":{"uv":[11.875,5,12.875,6],"texture":"#0"},"south":{"uv":[12.875,5,11.875,6],"texture":"#0"}}},{"from":[-5.13813,9.75,15.66847],"to":[2.86187,17.75,15.66847],"rotation":{"angle":-45,"axis":"y","origin":[-1.38813,13.75,15.66847]},"faces":{"north":{"uv":[11.875,5,12.875,6],"texture":"#0"},"south":{"uv":[12.875,5,11.875,6],"texture":"#0"}}},{"from":[-5.21136,9.75,15.84524],"to":[2.78864,17.75,15.84524],"rotation":{"angle":0,"axis":"y","origin":[-1.21136,13.75,15.84524]},"faces":{"north":{"uv":[11.875,5,12.875,6],"texture":"#0"},"south":{"uv":[12.875,5,11.875,6],"texture":"#0"}}},{"from":[5.25,7.5,13.5],"to":[9.75,11,18],"rotation":{"angle":0,"axis":"y","origin":[41.75,7.5,12]},"faces":{"north":{"uv":[14.5625,3.875,15.125,4.3125],"texture":"#0"},"east":{"uv":[15.125,3.875,14.5625,4.3125],"texture":"#0"},"south":{"uv":[14.5625,3.875,15.125,4.3125],"texture":"#0"},"west":{"uv":[15.125,3.875,14.5625,4.3125],"texture":"#0"},"up":{"uv":[14.5625,4.375,15.125,4.9375],"texture":"#0"}}},{"from":[5,11,13.25],"to":[10,16.5,18.25],"rotation":{"angle":0,"axis":"y","origin":[7.51174,14,15.75343]},"faces":{"north":{"uv":[13.25,5.1875,13.875,5.8125],"texture":"#0"},"east":{"uv":[13.25,5.1875,13.875,5.8125],"texture":"#0"},"south":{"uv":[13.25,5.1875,13.875,5.8125],"texture":"#0"},"west":{"uv":[13.25,5.1875,13.875,5.8125],"texture":"#0"},"up":{"uv":[13.25,5.1875,13.875,5.8125],"texture":"#0"},"down":{"uv":[13.25,5.1875,13.875,5.8125],"texture":"#0"}}},{"from":[3.64261,9.75,15.76415],"to":[11.64262,17.75,15.76415],"rotation":{"angle":45,"axis":"y","origin":[7.51174,14,15.75343]},"faces":{"north":{"uv":[11.875,3.875,12.875,4.875],"texture":"#0"},"south":{"uv":[12.875,3.875,11.875,4.875],"texture":"#0"}}},{"from":[3.86187,9.75,15.66847],"to":[11.86187,17.75,15.66847],"rotation":{"angle":-45,"axis":"y","origin":[7.61187,13.75,15.66847]},"faces":{"north":{"uv":[11.875,3.875,12.875,4.875],"texture":"#0"},"south":{"uv":[12.875,3.875,11.875,4.875],"texture":"#0"}}},{"from":[3.78864,9.75,15.84524],"to":[11.78864,17.75,15.84524],"rotation":{"angle":0,"axis":"y","origin":[7.78864,13.75,15.84524]},"faces":{"north":{"uv":[11.875,3.875,12.875,4.875],"texture":"#0"},"south":{"uv":[12.875,3.875,11.875,4.875],"texture":"#0"}}},{"from":[14.75,7.5,13.5],"to":[19.25,11,18],"rotation":{"angle":0,"axis":"y","origin":[51.25,7.5,12]},"faces":{"north":{"uv":[14.5625,3.875,15.125,4.3125],"texture":"#0"},"east":{"uv":[15.125,3.875,14.5625,4.3125],"texture":"#0"},"south":{"uv":[14.5625,3.875,15.125,4.3125],"texture":"#0"},"west":{"uv":[15.125,3.875,14.5625,4.3125],"texture":"#0"},"up":{"uv":[14.5625,4.375,15.125,4.9375],"texture":"#0"}}},{"from":[14.5,11,13.25],"to":[19.5,16.5,18.25],"rotation":{"angle":0,"axis":"y","origin":[17.01174,14,15.75343]},"faces":{"north":{"uv":[13.25,5.1875,13.875,5.8125],"texture":"#0"},"east":{"uv":[13.25,5.1875,13.875,5.8125],"texture":"#0"},"south":{"uv":[13.25,5.1875,13.875,5.8125],"texture":"#0"},"west":{"uv":[13.25,5.1875,13.875,5.8125],"texture":"#0"},"up":{"uv":[13.25,5.1875,13.875,5.8125],"texture":"#0"},"down":{"uv":[13.25,5.1875,13.875,5.8125],"texture":"#0"}}},{"from":[13.14262,9.75,15.76415],"to":[21.14262,17.75,15.76415],"rotation":{"angle":45,"axis":"y","origin":[17.01174,14,15.75343]},"faces":{"north":{"uv":[13.0625,3.875,14.0625,4.875],"texture":"#0"},"south":{"uv":[14.0625,3.875,13.0625,4.875],"texture":"#0"}}},{"from":[13.36187,9.75,15.66847],"to":[21.36187,17.75,15.66847],"rotation":{"angle":-45,"axis":"y","origin":[17.11187,13.75,15.66847]},"faces":{"north":{"uv":[13.0625,3.875,14.0625,4.875],"texture":"#0"},"south":{"uv":[14.0625,3.875,13.0625,4.875],"texture":"#0"}}},{"from":[13.28864,9.75,15.84524],"to":[21.28864,17.75,15.84524],"rotation":{"angle":0,"axis":"y","origin":[17.28864,13.75,15.84524]},"faces":{"north":{"uv":[13.0625,3.875,14.0625,4.875],"texture":"#0"},"south":{"uv":[14.0625,3.875,13.0625,4.875],"texture":"#0"}}}],"gui_light":"front","display":{"thirdperson_righthand":{"rotation":[75,45,0],"translation":[1.75,7.75,2],"scale":[0.375,0.375,0.375]},"thirdperson_lefthand":{"rotation":[75,45,0],"translation":[1.75,7.75,2],"scale":[0.375,0.375,0.375]},"firstperson_righthand":{"rotation":[0,45,0],"translation":[5.25,2.75,0],"scale":[0.4,0.4,0.4]},"firstperson_lefthand":{"rotation":[0,45,0],"translation":[5.25,2.75,0],"scale":[0.4,0.4,0.4]},"ground":{"translation":[0,3.5,0],"scale":[0.3418,0.3418,0.3418]},"gui":{"rotation":[30,225,0],"translation":[0,-1.25,0],"scale":[0.27539,0.27539,0.27539]},"head":{"translation":[-39.5,-17.75,51.25],"scale":[3.19922,3.19922,3.19922]},"fixed":{"rotation":[-90,0,0],"translation":[-49.5,32.5,-31.75],"scale":[4,4,4]}},"groups":[{"name":"group","origin":[8,8,8],"color":0,"children":[{"name":"group","origin":[8,8,8],"color":0,"children":[0]},{"name":"group","origin":[8,8,8],"color":0,"children":[1,2]},{"name":"group","origin":[8,8,8],"color":0,"children":[3,4]},{"name":"group","origin":[8,8,8],"color":0,"children":[5,6]},{"name":"group","origin":[48.83247,25.35356,-14.12132],"color":0,"children":[7,8,9,10,11,12,{"name":"group","origin":[48.83247,25.35356,-14.12132],"color":0,"children":[13,14,15,16,17,18]}]},{"name":"group","origin":[8,8,8],"color":0,"children":[19]},{"name":"group","origin":[8,8,8],"color":0,"children":[20]},{"name":"group","origin":[8,8,8],"color":0,"children":[]},{"name":"group","origin":[8,8,8],"color":0,"children":[21,22,23,24]},{"name":"group","origin":[8,8,8],"color":0,"children":[]},{"name":"group","origin":[4,4,4],"color":0,"children":[25,26]},{"name":"group","origin":[8,8,8],"color":0,"children":[{"name":"group","origin":[8,8,8],"color":0,"children":[27]},{"name":"group","origin":[8,8,8],"color":0,"children":[28,29]},{"name":"group","origin":[8,8,8],"color":0,"children":[30,31]},{"name":"group","origin":[8,8,8],"color":0,"children":[32,33,34]},{"name":"group","origin":[8,8,8],"color":0,"children":[35]},{"name":"group","origin":[8,8,8],"color":0,"children":[{"name":"group","origin":[8,8,8],"color":0,"children":[36]},{"name":"group","origin":[8,8,8],"color":0,"children":[37,38]},{"name":"group","origin":[8,8,8],"color":0,"children":[39,40]},{"name":"group","origin":[8,8,8],"color":0,"children":[41,42,43]},{"name":"group","origin":[8,8,8],"color":0,"children":[44]}]}]},{"name":"group","origin":[8,8,8],"color":0,"children":[45,46]},{"name":"group","origin":[8,8,8],"color":0,"children":[47,48]},{"name":"group","origin":[8,8,8],"color":0,"children":[49,50]},51,52,{"name":"group","origin":[8,8,8],"color":0,"children":[53,{"name":"group","origin":[8,8,8],"color":0,"children":[54,55,56,57]},{"name":"group","origin":[8,8,8],"color":0,"children":[58,{"name":"group","origin":[8,8,8],"color":0,"children":[59,60,61,62]}]},{"name":"group","origin":[8,8,8],"color":0,"children":[63,{"name":"group","origin":[8,8,8],"color":0,"children":[64,65,66,67]}]}]}]}],"mcmodels":"b383fad469164c3f1b58291b8b98aba4"}