{
    "providers": [
        {
            "type": "bitmap",
            "file": "luxdialogues:luxdialogues/dialogue.png",
            "ascent": 21,
            "height": 256,
            "chars": ["ᚠ"]
        },
        {
            "type": "bitmap",
            "file": "luxdialogues:luxdialogues/answer.png",
            "ascent": 60,
            "height": 256,
            "chars": ["ᚡ"]
        },
        {
            "type": "bitmap",
            "file": "luxdialogues:luxdialogues/aselstudios.png",
            "ascent": 45,
            "height": 128,
            "chars": ["ᚢ"]
        },
        {
            "type": "bitmap",
            "file": "luxdialogues:luxdialogues/hand.png",
            "ascent": 53,
            "height": 256,
            "chars": ["ᚣ"]
        },
        {
            "type": "bitmap",
            "file": "luxdialogues:luxdialogues/hand.png",
            "ascent": 44,
            "height": 256,
            "chars": ["ᚤ"]
        },
        {
            "type": "bitmap",
            "file": "luxdialogues:luxdialogues/hand.png",
            "ascent": 35,
            "height": 256,
            "chars": ["ᚥ"]
        },
        {
            "type": "bitmap",
            "file": "luxdialogues:luxdialogues/fog.png",
            "ascent": 185,
            "height": 256,
            "chars": ["ᚦ"]
        },
        {
            "type": "bitmap",
            "file": "luxdialogues:luxdialogues/name_start.png",
            "ascent": 28,
            "height": 256,
            "chars": ["ᚧ"]
        },
        {
            "type": "bitmap",
            "file": "luxdialogues:luxdialogues/name_mid.png",
            "ascent": 28,
            "height": 256,
            "chars": ["ᚨ"]
        },
        {
            "type": "bitmap",
            "file": "luxdialogues:luxdialogues/name_end.png",
            "ascent": 28,
            "height": 256,
            "chars": ["ᚩ"]
        },
        {
            "type": "bitmap",
            "file": "luxdialogues:luxdialogues/pixel.png",
            "ascent": -2000,
            "height": -3,
            "chars": ["七"]
        },
        {
            "type": "bitmap",
            "file": "luxdialogues:luxdialogues/pixel.png",
            "ascent": -2000,
            "height": 0,
            "chars": ["𥳾"]
        }
    ]
}