{"credit":"Made with Blockbench by ShizuArt","textures":{"0":"shizuart_furnitures:market_booths/grocery/market_booth_grocery_dyeable","1":"shizuart_furnitures:market_booths/grocery/market_booth_grocery_dyeable2","particle":"shizuart_furnitures:market_booths/grocery/market_booth_grocery_dyeable"},"elements":[{"from":[-13.25,20.5,-9.5],"to":[29.25,22.5,25.5],"rotation":{"angle":0,"axis":"y","origin":[-0.5,0,4]},"faces":{"north":{"uv":[0,4.0625,5.3125,4.3125],"texture":"#0"},"east":{"uv":[5.625,4.5,5.375,8.875],"rotation":90,"texture":"#0"},"south":{"uv":[5.3125,4.0625,0,4.3125],"texture":"#0"},"west":{"uv":[5.625,4.5,5.375,8.875],"rotation":90,"texture":"#0"},"up":{"uv":[0,4.5,5.3125,8.875],"texture":"#0"},"down":{"uv":[0,4.5,5.3125,8.875],"texture":"#0"}}},{"from":[-10.25,22.5,-7.5],"to":[26.25,24.5,23.5],"rotation":{"angle":0,"axis":"y","origin":[2.5,-3.5,15]},"faces":{"north":{"uv":[0,10.9375,4.5625,11.1875],"texture":"#0"},"east":{"uv":[3.875,10.625,0,10.875],"texture":"#0"},"south":{"uv":[0,10.9375,4.5625,11.1875],"texture":"#0"},"west":{"uv":[3.875,10.625,0,10.875],"texture":"#0"},"up":{"uv":[5.6875,4.0625,10.25,7.9375],"texture":"#0"}}},{"from":[-10.25,22.5,-7.5],"to":[26.25,24.5,23.5],"rotation":{"angle":0,"axis":"y","origin":[2.5,-3.5,15]},"faces":{"north":{"uv":[0,10.9375,4.5625,11.1875],"texture":"#1","tintindex":0},"east":{"uv":[3.875,10.625,0,10.875],"texture":"#1","tintindex":0},"south":{"uv":[0,10.9375,4.5625,11.1875],"texture":"#1","tintindex":0},"west":{"uv":[3.875,10.625,0,10.875],"texture":"#1","tintindex":0},"up":{"uv":[5.6875,4.0625,10.25,7.9375],"texture":"#1","tintindex":0}}},{"from":[-13.25,16,-9.5],"to":[29.25,20.5,25.5],"rotation":{"angle":0,"axis":"y","origin":[6,17.5,36.75]},"faces":{"north":{"uv":[0,9.5625,5.0625,10.125],"texture":"#0"},"east":{"uv":[0,8.9375,4.375,9.5],"texture":"#0"},"south":{"uv":[0,9.5625,5.0625,10.125],"texture":"#0"},"west":{"uv":[0,8.9375,4.375,9.5],"texture":"#0"}}},{"from":[29.25,16,-9.5],"to":[-13.25,20.5,25.5],"rotation":{"angle":0,"axis":"y","origin":[9,17.5,36.75]},"faces":{"north":{"uv":[5.0625,9.5625,0,10.125],"texture":"#0"},"east":{"uv":[4.375,8.9375,0,9.5],"texture":"#0"},"south":{"uv":[5.0625,9.5625,0,10.125],"texture":"#0"},"west":{"uv":[4.375,8.9375,0,9.5],"texture":"#0"}}},{"from":[-13.25,16,-9.5],"to":[29.25,20.5,25.5],"rotation":{"angle":0,"axis":"y","origin":[6,17.5,36.75]},"faces":{"north":{"uv":[0,9.5625,5.0625,10.125],"texture":"#1","tintindex":0},"east":{"uv":[0,8.9375,4.375,9.5],"texture":"#1","tintindex":0},"south":{"uv":[0,9.5625,5.0625,10.125],"texture":"#1","tintindex":0},"west":{"uv":[0,8.9375,4.375,9.5],"texture":"#1","tintindex":0}}},{"from":[29.25,16,-9.5],"to":[-13.25,20.5,25.5],"rotation":{"angle":0,"axis":"y","origin":[9,17.5,36.75]},"faces":{"north":{"uv":[5.0625,9.5625,0,10.125],"texture":"#1","tintindex":0},"east":{"uv":[4.375,8.9375,0,9.5],"texture":"#1","tintindex":0},"south":{"uv":[5.0625,9.5625,0,10.125],"texture":"#1","tintindex":0},"west":{"uv":[4.375,8.9375,0,9.5],"texture":"#1","tintindex":0}}},{"from":[22,-0.06055,-5],"to":[25,24,-2],"rotation":{"angle":0,"axis":"y","origin":[7.25,0,12]},"faces":{"north":{"uv":[0,13,0.375,16],"texture":"#0"},"east":{"uv":[0,13,0.375,16],"texture":"#0"},"south":{"uv":[0,13,0.375,16],"texture":"#0"},"west":{"uv":[0,13,0.375,16],"texture":"#0"},"down":{"uv":[0.375,12.9375,0,12.5625],"texture":"#0"}}},{"from":[22.02911,15.87653,-9.13909],"to":[25.00371,21.37653,-6.13909],"rotation":{"angle":-45,"axis":"x","origin":[1.02715,21.37653,-7.88909]},"faces":{"north":{"uv":[0.875,15.3125,1.25,16],"texture":"#0"},"east":{"uv":[0.8125,14.5625,0.4375,15.25],"texture":"#0"},"south":{"uv":[0.4375,15.3125,0.8125,16],"texture":"#0"},"west":{"uv":[0.4375,14.5625,0.8125,15.25],"texture":"#0"}}},{"from":[22.91624,13.67678,-4.98644],"to":[25.91624,19.17678,-2.00987],"rotation":{"angle":-45,"axis":"z","origin":[28.91624,16.42678,-3.56066]},"faces":{"north":{"uv":[0.4375,14.5625,0.8125,15.25],"texture":"#0"},"east":{"uv":[0.875,15.3125,1.25,16],"texture":"#0"},"south":{"uv":[0.8125,14.5625,0.4375,15.25],"texture":"#0"},"west":{"uv":[0.4375,15.3125,0.8125,16],"texture":"#0"}}},{"from":[22.91624,13.67678,18.01769],"to":[25.91624,19.17678,20.99425],"rotation":{"angle":-45,"axis":"z","origin":[28.91624,16.42678,19.56066]},"faces":{"north":{"uv":[0.4375,14.5625,0.8125,15.25],"texture":"#0"},"east":{"uv":[1.25,15.3125,0.875,16],"texture":"#0"},"south":{"uv":[0.8125,14.5625,0.4375,15.25],"texture":"#0"},"west":{"uv":[0.8125,15.3125,0.4375,16],"texture":"#0"}}},{"from":[22.0213,15.87653,22.13909],"to":[24.9959,21.37653,25.13909],"rotation":{"angle":45,"axis":"x","origin":[1.02715,21.37653,23.88909]},"faces":{"north":{"uv":[0.8125,15.3125,0.4375,16],"texture":"#0"},"east":{"uv":[0.4375,14.5625,0.8125,15.25],"texture":"#0"},"south":{"uv":[1.25,15.3125,0.875,16],"texture":"#0"},"west":{"uv":[0.8125,14.5625,0.4375,15.25],"texture":"#0"}}},{"from":[22,-0.06055,18],"to":[25,24,21],"rotation":{"angle":0,"axis":"y","origin":[7.25,0,4]},"faces":{"north":{"uv":[0.375,13,0,16],"texture":"#0"},"east":{"uv":[0.375,13,0,16],"texture":"#0"},"south":{"uv":[0.375,13,0,16],"texture":"#0"},"west":{"uv":[0.375,13,0,16],"texture":"#0"},"down":{"uv":[0.375,12.5625,0,12.9375],"texture":"#0"}}},{"from":[-9,-0.06055,-5],"to":[-6,24,-2],"rotation":{"angle":0,"axis":"y","origin":[8.75,0,12]},"faces":{"north":{"uv":[0.375,13,0,16],"texture":"#0"},"east":{"uv":[0.375,13,0,16],"texture":"#0"},"south":{"uv":[0.375,13,0,16],"texture":"#0"},"west":{"uv":[0.375,13,0,16],"texture":"#0"},"down":{"uv":[0,12.9375,0.375,12.5625],"texture":"#0"}}},{"from":[-8.99199,15.87653,-9.13909],"to":[-6.01739,21.37653,-6.13909],"rotation":{"angle":-45,"axis":"x","origin":[14.97285,21.37653,-7.88909]},"faces":{"north":{"uv":[1.25,15.3125,0.875,16],"texture":"#0"},"east":{"uv":[0.8125,14.5625,0.4375,15.25],"texture":"#0"},"south":{"uv":[0.8125,15.3125,0.4375,16],"texture":"#0"},"west":{"uv":[0.4375,14.5625,0.8125,15.25],"texture":"#0"}}},{"from":[-9.91624,13.92678,-5.00597],"to":[-6.91624,19.17678,-2.02941],"rotation":{"angle":45,"axis":"z","origin":[-12.91624,16.42678,-3.56066]},"faces":{"north":{"uv":[0.8125,14.5625,0.4375,15.25],"texture":"#0"},"east":{"uv":[0.8125,15.3125,0.4375,16],"texture":"#0"},"south":{"uv":[0.4375,14.5625,0.8125,15.25],"texture":"#0"},"west":{"uv":[1.25,15.3125,0.875,16],"texture":"#0"}}},{"from":[-9,-0.06055,18],"to":[-6,24,21],"rotation":{"angle":0,"axis":"y","origin":[8.75,0,4]},"faces":{"north":{"uv":[0,13,0.375,16],"texture":"#0"},"east":{"uv":[0,13,0.375,16],"texture":"#0"},"south":{"uv":[0,13,0.375,16],"texture":"#0"},"west":{"uv":[0,13,0.375,16],"texture":"#0"},"down":{"uv":[0,12.5625,0.375,12.9375],"texture":"#0"}}},{"from":[-8.99199,15.87653,22.13909],"to":[-6.01739,21.37653,25.13909],"rotation":{"angle":45,"axis":"x","origin":[14.97285,21.37653,23.88909]},"faces":{"north":{"uv":[0.4375,15.3125,0.8125,16],"texture":"#0"},"east":{"uv":[0.4375,14.5625,0.8125,15.25],"texture":"#0"},"south":{"uv":[0.875,15.3125,1.25,16],"texture":"#0"},"west":{"uv":[0.8125,14.5625,0.4375,15.25],"texture":"#0"}}},{"from":[-9.91624,13.92678,18.01769],"to":[-6.91624,19.17678,20.99425],"rotation":{"angle":45,"axis":"z","origin":[-12.91624,16.42678,19.56066]},"faces":{"north":{"uv":[0.8125,14.5625,0.4375,15.25],"texture":"#0"},"east":{"uv":[0.4375,15.3125,0.8125,16],"texture":"#0"},"south":{"uv":[0.4375,14.5625,0.8125,15.25],"texture":"#0"},"west":{"uv":[0.875,15.3125,1.25,16],"texture":"#0"}}},{"from":[-6,8,-6.5],"to":[22,9,-2.5],"rotation":{"angle":0,"axis":"y","origin":[-0.5,0,4]},"faces":{"north":{"uv":[4.6875,12.1875,1.1875,12.25],"texture":"#0"},"east":{"uv":[1.1875,12.1875,1.25,12.6875],"rotation":90,"texture":"#0"},"south":{"uv":[1.1875,12.625,4.6875,12.6875],"texture":"#0"},"west":{"uv":[1.1875,12.6875,1.25,12.1875],"rotation":90,"texture":"#0"},"up":{"uv":[1.1875,12.1875,4.6875,12.6875],"texture":"#0"},"down":{"uv":[1.1875,12.6875,4.6875,12.1875],"texture":"#0"}}},{"from":[-0.25,24.5,2.5],"to":[16.25,25.5,13.5],"rotation":{"angle":0,"axis":"y","origin":[4,4,4]},"faces":{"north":{"uv":[5.125,10.875,7.1875,10.9375],"texture":"#0"},"east":{"uv":[7.125,9.5625,7.1875,10.9375],"rotation":90,"texture":"#0"},"south":{"uv":[5.125,9.5625,7.1875,9.625],"texture":"#0"},"west":{"uv":[5.125,10.9375,5.1875,9.5625],"rotation":90,"texture":"#0"},"up":{"uv":[5.125,9.5625,7.1875,10.9375],"texture":"#0"}}},{"from":[-3.75,3,-5.25],"to":[19.75,8.5,-5.25],"rotation":{"angle":0,"axis":"y","origin":[4,4,4]},"faces":{"north":{"uv":[0.5625,0.9375,3.5,1.625],"texture":"#0"},"south":{"uv":[0.5625,0.9375,3.5,1.625],"texture":"#0"}}},{"from":[-3.75,15.5,20.25],"to":[19.75,21,20.25],"rotation":{"angle":0,"axis":"y","origin":[4,4,4]},"faces":{"north":{"uv":[0.5625,0.9375,3.5,1.625],"texture":"#0"},"south":{"uv":[0.5625,0.9375,3.5,1.625],"texture":"#0"}}},{"from":[25,3.45313,2],"to":[25,8.95313,14],"rotation":{"angle":0,"axis":"y","origin":[8,5.75,-5.25]},"faces":{"east":{"uv":[0.5625,0,2.125,0.6875],"texture":"#0"},"west":{"uv":[0.5625,0,2.125,0.6875],"texture":"#0"}}},{"from":[24.5,8.20313,1.5],"to":[25.5,9.20313,14.5],"rotation":{"angle":0,"axis":"y","origin":[12,4,4]},"faces":{"north":{"uv":[2.3125,1.8125,2.1875,1.9375],"rotation":90,"texture":"#0"},"east":{"uv":[2.1875,2.0625,3.8125,2.125],"texture":"#0"},"south":{"uv":[2.1875,1.9375,2.3125,1.8125],"rotation":90,"texture":"#0"},"up":{"uv":[3.8125,2.125,2.1875,2],"rotation":90,"texture":"#0"},"down":{"uv":[2.1875,2.125,3.8125,2],"rotation":90,"texture":"#0"}}},{"from":[22.5,5,-8.25],"to":[25,7.5,-5.75],"rotation":{"angle":0,"axis":"y","origin":[4,4,4]},"faces":{"north":{"uv":[0.375,2.1875,0.6875,2.5],"texture":"#0"},"east":{"uv":[0.375,2.1875,0.6875,2.5],"texture":"#0"},"south":{"uv":[0.375,2.1875,0.6875,2.5],"texture":"#0"},"west":{"uv":[0.375,2.1875,0.6875,2.5],"texture":"#0"},"up":{"uv":[0.375,1.8125,0.6875,2.125],"texture":"#0"},"down":{"uv":[0.375,2.5625,0.6875,2.875],"texture":"#0"}}},{"from":[22.5,9,-8.25],"to":[25,11.5,-5.75],"rotation":{"angle":0,"axis":"y","origin":[4,4,4]},"faces":{"north":{"uv":[0.375,2.1875,0.6875,2.5],"texture":"#0"},"east":{"uv":[0.375,2.1875,0.6875,2.5],"texture":"#0"},"south":{"uv":[0.375,2.1875,0.6875,2.5],"texture":"#0"},"west":{"uv":[0.375,2.1875,0.6875,2.5],"texture":"#0"},"up":{"uv":[0.375,1.8125,0.6875,2.125],"texture":"#0"},"down":{"uv":[0.375,2.5625,0.6875,2.875],"texture":"#0"}}},{"from":[22.5,12.5,-8.25],"to":[25,15,-5.75],"rotation":{"angle":0,"axis":"y","origin":[4,4,4]},"faces":{"north":{"uv":[0.375,2.1875,0.6875,2.5],"texture":"#0"},"east":{"uv":[0.375,2.1875,0.6875,2.5],"texture":"#0"},"south":{"uv":[0.375,2.1875,0.6875,2.5],"texture":"#0"},"west":{"uv":[0.375,2.1875,0.6875,2.5],"texture":"#0"},"up":{"uv":[0.375,1.8125,0.6875,2.125],"texture":"#0"},"down":{"uv":[0.375,2.5625,0.6875,2.875],"texture":"#0"}}},{"from":[23.5,4,-7],"to":[24,20.5,-7],"rotation":{"angle":0,"axis":"y","origin":[4,4,4]},"faces":{"north":{"uv":[0.125,1.625,0.1875,3.6875],"texture":"#0"},"south":{"uv":[0.125,1.625,0.1875,3.6875],"texture":"#0"}}},{"from":[-8.5,0,-4.5],"to":[24.5,2,20.5],"rotation":{"angle":0,"axis":"y","origin":[-0.5,0,4]},"faces":{"north":{"uv":[8.375,8.5625,8.125,12.6875],"rotation":90,"texture":"#0"},"east":{"uv":[8.125,8.8125,11.25,8.5625],"texture":"#0"},"south":{"uv":[11,12.6875,11.25,8.5625],"rotation":90,"texture":"#0"},"west":{"uv":[8.125,12.4375,11.25,12.6875],"texture":"#0"},"up":{"uv":[15.25,12.6875,12.125,8.5625],"rotation":90,"texture":"#0"},"down":{"uv":[12.125,12.6875,15.25,8.5625],"rotation":90,"texture":"#0"}}},{"from":[24.04688,0,-4.03516],"to":[-8.05078,2,20.07422],"rotation":{"angle":0,"axis":"y","origin":[-0.5,0,4]},"faces":{"north":{"uv":[8.375,12.625,8.125,8.625],"rotation":90,"texture":"#0"},"east":{"uv":[8.1875,8.8125,11.1875,8.5625],"texture":"#0"},"south":{"uv":[11,8.625,11.25,12.625],"rotation":90,"texture":"#0"},"west":{"uv":[8.1875,12.4375,11.1875,12.6875],"texture":"#0"}}},{"from":[-8.5,2,-4.5],"to":[24.5,21,20.5],"faces":{"north":{"uv":[11.375,5.75,15.5,8.0625],"texture":"#0"},"east":{"uv":[7.1875,13.375,10.3125,15.6875],"texture":"#0"},"south":{"uv":[2.375,13.375,6.5,15.6875],"texture":"#0"},"west":{"uv":[11.1875,13.375,14.3125,15.6875],"texture":"#0"}}},{"from":[24.5,2,-4.5],"to":[-8.5,21,20.5],"rotation":{"angle":0,"axis":"y","origin":[26,0,0]},"faces":{"north":{"uv":[15.5,5.75,11.375,8.0625],"texture":"#0"},"east":{"uv":[14.3125,13.375,11.1875,15.6875],"texture":"#0"},"south":{"uv":[6.5,13.375,2.375,15.6875],"texture":"#0"},"west":{"uv":[10.3125,13.375,7.1875,15.6875],"texture":"#0"}}},{"from":[-8.5,2,-4.5],"to":[24.5,21,20.5],"faces":{"north":{"uv":[11.375,5.75,15.5,8.0625],"texture":"#1","tintindex":0},"east":{"uv":[7.1875,13.375,10.3125,15.6875],"texture":"#1","tintindex":0},"south":{"uv":[2.375,13.375,6.5,15.6875],"texture":"#1","tintindex":0},"west":{"uv":[11.1875,13.375,14.3125,15.6875],"texture":"#1","tintindex":0}}},{"from":[24.5,2,-4.5],"to":[-8.5,21,20.5],"rotation":{"angle":0,"axis":"y","origin":[26,0,0]},"faces":{"north":{"uv":[15.5,5.75,11.375,8.0625],"texture":"#1","tintindex":0},"east":{"uv":[14.3125,13.375,11.1875,15.6875],"texture":"#1","tintindex":0},"south":{"uv":[6.5,13.375,2.375,15.6875],"texture":"#1","tintindex":0},"west":{"uv":[10.3125,13.375,7.1875,15.6875],"texture":"#1","tintindex":0}}},{"from":[-9.5,4,3.5],"to":[-8.5,16,12.5],"rotation":{"angle":0,"axis":"y","origin":[4,4,4]},"faces":{"north":{"uv":[0.9375,1.8125,1,3.3125],"texture":"#0"},"south":{"uv":[2,1.8125,2.0625,3.3125],"texture":"#0"},"west":{"uv":[0.9375,1.8125,2.0625,3.3125],"texture":"#0"},"up":{"uv":[0.9375,1.8125,2.0625,1.875],"rotation":90,"texture":"#0"},"down":{"uv":[2.0625,3.25,0.9375,3.3125],"rotation":90,"texture":"#0"}}},{"from":[-8.5,0.08398,13.25],"to":[24.5,7,20.25],"rotation":{"angle":0,"axis":"y","origin":[4,4,4]},"faces":{"north":{"uv":[11.9375,1.25,16,2.125],"texture":"#0"},"down":{"uv":[16,1.25,11.9375,2.125],"texture":"#0"}}},{"from":[-8.5,7,12.5],"to":[24.5,8,20.5],"rotation":{"angle":0,"axis":"y","origin":[4,4,4]},"faces":{"north":{"uv":[11.9375,0.875,16,1],"texture":"#0"},"up":{"uv":[16,1,11.9375,0],"texture":"#0"},"down":{"uv":[16,0,11.9375,1],"texture":"#0"}}},{"from":[-8.25,4.5,12.41992],"to":[24.25,8.04102,20.5],"rotation":{"angle":0,"axis":"y","origin":[4,4,4]},"faces":{"north":{"uv":[11.9375,3.5,16,3.9375],"texture":"#0"},"up":{"uv":[16,3.4375,11.9375,2.4375],"texture":"#0"}}},{"from":[-5.5,8.13867,13.5],"to":[-0.5,11.13867,18.5],"rotation":{"angle":0,"axis":"y","origin":[4,4,4]},"faces":{"north":{"uv":[11.25,0.0625,11.875,0.4375],"texture":"#0"},"east":{"uv":[11.25,0.0625,11.875,0.4375],"texture":"#0"},"south":{"uv":[11.25,0.0625,11.875,0.4375],"texture":"#0"},"west":{"uv":[11.25,0.0625,11.875,0.4375],"texture":"#0"},"down":{"uv":[11.25,0.5,11.875,1.125],"texture":"#0"}}},{"from":[-0.5,10.63867,13.5],"to":[-5.5,11.13867,18.5],"rotation":{"angle":0,"axis":"y","origin":[5,4,4]},"faces":{"north":{"uv":[11.25,0.0625,11.875,0.125],"texture":"#0"},"east":{"uv":[11.25,0.0625,11.875,0.125],"texture":"#0"},"south":{"uv":[11.25,0.0625,11.875,0.125],"texture":"#0"},"west":{"uv":[11.25,0.0625,11.875,0.125],"texture":"#0"},"down":{"uv":[11.25,0.5,11.875,1.125],"texture":"#0"}}},{"from":[-2.75,10.5,16],"to":[-1.25,12,17.5],"rotation":{"angle":0,"axis":"y","origin":[4,4,4]},"faces":{"north":{"uv":[11,0.0625,11.1875,0.25],"texture":"#0"},"east":{"uv":[11.1875,0.0625,11,0.25],"texture":"#0"},"south":{"uv":[11,0.0625,11.1875,0.25],"texture":"#0"},"west":{"uv":[11.1875,0.0625,11,0.25],"texture":"#0"},"up":{"uv":[11,0.3125,11.1875,0.5],"rotation":180,"texture":"#0"},"down":{"uv":[11,0.5625,11.1875,0.75],"texture":"#0"}}},{"from":[-5.25,10.5,15.5],"to":[-3.75,12,17],"rotation":{"angle":0,"axis":"y","origin":[4,4,4]},"faces":{"north":{"uv":[11,0.0625,11.1875,0.25],"texture":"#0"},"east":{"uv":[11.1875,0.0625,11,0.25],"texture":"#0"},"south":{"uv":[11,0.0625,11.1875,0.25],"texture":"#0"},"west":{"uv":[11.1875,0.0625,11,0.25],"texture":"#0"},"up":{"uv":[11,0.3125,11.1875,0.5],"rotation":180,"texture":"#0"},"down":{"uv":[11,0.5625,11.1875,0.75],"texture":"#0"}}},{"from":[-3.25,10,14],"to":[-1.75,11.5,15.5],"rotation":{"angle":0,"axis":"y","origin":[4,4,4]},"faces":{"north":{"uv":[11,0.0625,11.1875,0.25],"texture":"#0"},"east":{"uv":[11.1875,0.0625,11,0.25],"texture":"#0"},"south":{"uv":[11,0.0625,11.1875,0.25],"texture":"#0"},"west":{"uv":[11.1875,0.0625,11,0.25],"texture":"#0"},"up":{"uv":[11,0.3125,11.1875,0.5],"rotation":180,"texture":"#0"},"down":{"uv":[11,0.5625,11.1875,0.75],"texture":"#0"}}},{"from":[0.25,8.13867,13.5],"to":[5.25,11.13867,18.5],"rotation":{"angle":0,"axis":"y","origin":[4,4,4]},"faces":{"north":{"uv":[10.3125,0.0625,10.9375,0.4375],"texture":"#0"},"east":{"uv":[10.3125,0.0625,10.9375,0.4375],"texture":"#0"},"south":{"uv":[10.3125,0.0625,10.9375,0.4375],"texture":"#0"},"west":{"uv":[10.3125,0.0625,10.9375,0.4375],"texture":"#0"},"down":{"uv":[10.3125,0.5,10.9375,1.125],"texture":"#0"}}},{"from":[5.25,10.63867,13.5],"to":[0.25,11.13867,18.5],"rotation":{"angle":0,"axis":"y","origin":[5,4,4]},"faces":{"north":{"uv":[10.3125,0.0625,10.9375,0.125],"texture":"#0"},"east":{"uv":[10.3125,0.0625,10.9375,0.125],"texture":"#0"},"south":{"uv":[10.3125,0.0625,10.9375,0.125],"texture":"#0"},"west":{"uv":[10.3125,0.0625,10.9375,0.125],"texture":"#0"},"down":{"uv":[10.3125,0.5,10.9375,1.125],"texture":"#0"}}},{"from":[3,10.5,16],"to":[4.5,12,17.5],"rotation":{"angle":0,"axis":"y","origin":[4,4,4]},"faces":{"north":{"uv":[10.0625,0.0625,10.25,0.25],"texture":"#0"},"east":{"uv":[10.25,0.0625,10.0625,0.25],"texture":"#0"},"south":{"uv":[10.0625,0.0625,10.25,0.25],"texture":"#0"},"west":{"uv":[10.25,0.0625,10.0625,0.25],"texture":"#0"},"up":{"uv":[10.0625,0.3125,10.25,0.5],"rotation":180,"texture":"#0"},"down":{"uv":[10.0625,0.5625,10.25,0.75],"texture":"#0"}}},{"from":[0.5,10.5,15.5],"to":[2,12,17],"rotation":{"angle":0,"axis":"y","origin":[4,4,4]},"faces":{"north":{"uv":[10.0625,0.0625,10.25,0.25],"texture":"#0"},"east":{"uv":[10.25,0.0625,10.0625,0.25],"texture":"#0"},"south":{"uv":[10.0625,0.0625,10.25,0.25],"texture":"#0"},"west":{"uv":[10.25,0.0625,10.0625,0.25],"texture":"#0"},"up":{"uv":[10.0625,0.3125,10.25,0.5],"rotation":180,"texture":"#0"},"down":{"uv":[10.0625,0.5625,10.25,0.75],"texture":"#0"}}},{"from":[2.5,10,14],"to":[4,11.5,15.5],"rotation":{"angle":0,"axis":"y","origin":[4,4,4]},"faces":{"north":{"uv":[10.0625,0.0625,10.25,0.25],"texture":"#0"},"east":{"uv":[10.25,0.0625,10.0625,0.25],"texture":"#0"},"south":{"uv":[10.0625,0.0625,10.25,0.25],"texture":"#0"},"west":{"uv":[10.25,0.0625,10.0625,0.25],"texture":"#0"},"up":{"uv":[10.0625,0.3125,10.25,0.5],"rotation":180,"texture":"#0"},"down":{"uv":[10.0625,0.5625,10.25,0.75],"texture":"#0"}}},{"from":[5.75,8.13867,13.5],"to":[10.75,11.13867,18.5],"rotation":{"angle":0,"axis":"y","origin":[4,4,4]},"faces":{"north":{"uv":[9.25,0.0625,9.875,0.4375],"texture":"#0"},"east":{"uv":[9.25,0.0625,9.875,0.4375],"texture":"#0"},"south":{"uv":[9.25,0.0625,9.875,0.4375],"texture":"#0"},"west":{"uv":[9.25,0.0625,9.875,0.4375],"texture":"#0"},"down":{"uv":[9.25,0.5,9.875,1.125],"texture":"#0"}}},{"from":[10.75,10.63867,13.5],"to":[5.75,11.13867,18.5],"rotation":{"angle":0,"axis":"y","origin":[5,4,4]},"faces":{"north":{"uv":[9.25,0.0625,9.875,0.125],"texture":"#0"},"east":{"uv":[9.25,0.0625,9.875,0.125],"texture":"#0"},"south":{"uv":[9.25,0.0625,9.875,0.125],"texture":"#0"},"west":{"uv":[9.25,0.0625,9.875,0.125],"texture":"#0"},"down":{"uv":[9.25,0.5,9.875,1.125],"texture":"#0"}}},{"from":[8.5,10.5,16],"to":[10,12,17.5],"rotation":{"angle":0,"axis":"y","origin":[4,4,4]},"faces":{"north":{"uv":[9,0.0625,9.1875,0.25],"texture":"#0"},"east":{"uv":[9.1875,0.0625,9,0.25],"texture":"#0"},"south":{"uv":[9,0.0625,9.1875,0.25],"texture":"#0"},"west":{"uv":[9.1875,0.0625,9,0.25],"texture":"#0"},"up":{"uv":[9,0.3125,9.1875,0.5],"rotation":180,"texture":"#0"},"down":{"uv":[9,0.5625,9.1875,0.75],"texture":"#0"}}},{"from":[6,10.5,15.5],"to":[7.5,12,17],"rotation":{"angle":0,"axis":"y","origin":[4,4,4]},"faces":{"north":{"uv":[9,0.0625,9.1875,0.25],"texture":"#0"},"east":{"uv":[9.1875,0.0625,9,0.25],"texture":"#0"},"south":{"uv":[9,0.0625,9.1875,0.25],"texture":"#0"},"west":{"uv":[9.1875,0.0625,9,0.25],"texture":"#0"},"up":{"uv":[9,0.3125,9.1875,0.5],"rotation":180,"texture":"#0"},"down":{"uv":[9,0.5625,9.1875,0.75],"texture":"#0"}}},{"from":[8,10,14],"to":[9.5,11.5,15.5],"rotation":{"angle":0,"axis":"y","origin":[4,4,4]},"faces":{"north":{"uv":[9,0.0625,9.1875,0.25],"texture":"#0"},"east":{"uv":[9.1875,0.0625,9,0.25],"texture":"#0"},"south":{"uv":[9,0.0625,9.1875,0.25],"texture":"#0"},"west":{"uv":[9.1875,0.0625,9,0.25],"texture":"#0"},"up":{"uv":[9,0.3125,9.1875,0.5],"rotation":180,"texture":"#0"},"down":{"uv":[9,0.5625,9.1875,0.75],"texture":"#0"}}},{"from":[11.25,8.13867,13.5],"to":[16.25,11.13867,18.5],"rotation":{"angle":0,"axis":"y","origin":[4,4,4]},"faces":{"north":{"uv":[8.1875,0.0625,8.8125,0.4375],"texture":"#0"},"east":{"uv":[8.1875,0.0625,8.8125,0.4375],"texture":"#0"},"south":{"uv":[8.1875,0.0625,8.8125,0.4375],"texture":"#0"},"west":{"uv":[8.1875,0.0625,8.8125,0.4375],"texture":"#0"},"down":{"uv":[8.1875,0.5,8.8125,1.125],"texture":"#0"}}},{"from":[16.25,10.63867,13.5],"to":[11.25,11.13867,18.5],"rotation":{"angle":0,"axis":"y","origin":[5,4,4]},"faces":{"north":{"uv":[8.1875,0.0625,8.8125,0.125],"texture":"#0"},"east":{"uv":[8.1875,0.0625,8.8125,0.125],"texture":"#0"},"south":{"uv":[8.1875,0.0625,8.8125,0.125],"texture":"#0"},"west":{"uv":[8.1875,0.0625,8.8125,0.125],"texture":"#0"},"down":{"uv":[8.1875,0.5,8.8125,1.125],"texture":"#0"}}},{"from":[14,10.5,16],"to":[15.5,12,17.5],"rotation":{"angle":0,"axis":"y","origin":[4,4,4]},"faces":{"north":{"uv":[7.9375,0.0625,8.125,0.25],"texture":"#0"},"east":{"uv":[8.125,0.0625,7.9375,0.25],"texture":"#0"},"south":{"uv":[7.9375,0.0625,8.125,0.25],"texture":"#0"},"west":{"uv":[8.125,0.0625,7.9375,0.25],"texture":"#0"},"up":{"uv":[7.9375,0.3125,8.125,0.5],"rotation":180,"texture":"#0"},"down":{"uv":[7.9375,0.5625,8.125,0.75],"texture":"#0"}}},{"from":[11.5,10.5,15.5],"to":[13,12,17],"rotation":{"angle":0,"axis":"y","origin":[4,4,4]},"faces":{"north":{"uv":[7.9375,0.0625,8.125,0.25],"texture":"#0"},"east":{"uv":[8.125,0.0625,7.9375,0.25],"texture":"#0"},"south":{"uv":[7.9375,0.0625,8.125,0.25],"texture":"#0"},"west":{"uv":[8.125,0.0625,7.9375,0.25],"texture":"#0"},"up":{"uv":[7.9375,0.3125,8.125,0.5],"rotation":180,"texture":"#0"},"down":{"uv":[7.9375,0.5625,8.125,0.75],"texture":"#0"}}},{"from":[13.5,10,14],"to":[15,11.5,15.5],"rotation":{"angle":0,"axis":"y","origin":[4,4,4]},"faces":{"north":{"uv":[7.9375,0.0625,8.125,0.25],"texture":"#0"},"east":{"uv":[8.125,0.0625,7.9375,0.25],"texture":"#0"},"south":{"uv":[7.9375,0.0625,8.125,0.25],"texture":"#0"},"west":{"uv":[8.125,0.0625,7.9375,0.25],"texture":"#0"},"up":{"uv":[7.9375,0.3125,8.125,0.5],"rotation":180,"texture":"#0"},"down":{"uv":[7.9375,0.5625,8.125,0.75],"texture":"#0"}}},{"from":[17,8.13867,13.5],"to":[22,11.13867,18.5],"rotation":{"angle":0,"axis":"y","origin":[4,4,4]},"faces":{"north":{"uv":[7.1875,0.0625,7.8125,0.4375],"texture":"#0"},"east":{"uv":[7.1875,0.0625,7.8125,0.4375],"texture":"#0"},"south":{"uv":[7.1875,0.0625,7.8125,0.4375],"texture":"#0"},"west":{"uv":[7.1875,0.0625,7.8125,0.4375],"texture":"#0"},"down":{"uv":[7.1875,0.5,7.8125,1.125],"texture":"#0"}}},{"from":[22,10.63867,13.5],"to":[17,11.13867,18.5],"rotation":{"angle":0,"axis":"y","origin":[5,4,4]},"faces":{"north":{"uv":[7.1875,0.0625,7.8125,0.125],"texture":"#0"},"east":{"uv":[7.1875,0.0625,7.8125,0.125],"texture":"#0"},"south":{"uv":[7.1875,0.0625,7.8125,0.125],"texture":"#0"},"west":{"uv":[7.1875,0.0625,7.8125,0.125],"texture":"#0"},"down":{"uv":[7.1875,0.5,7.8125,1.125],"texture":"#0"}}},{"from":[19.75,10.5,16],"to":[21.25,12,17.5],"rotation":{"angle":0,"axis":"y","origin":[4,4,4]},"faces":{"north":{"uv":[6.9375,0.0625,7.125,0.25],"texture":"#0"},"east":{"uv":[7.125,0.0625,6.9375,0.25],"texture":"#0"},"south":{"uv":[6.9375,0.0625,7.125,0.25],"texture":"#0"},"west":{"uv":[7.125,0.0625,6.9375,0.25],"texture":"#0"},"up":{"uv":[6.9375,0.3125,7.125,0.5],"rotation":180,"texture":"#0"},"down":{"uv":[6.9375,0.5625,7.125,0.75],"texture":"#0"}}},{"from":[17.25,10.5,15.5],"to":[18.75,12,17],"rotation":{"angle":0,"axis":"y","origin":[4,4,4]},"faces":{"north":{"uv":[6.9375,0.0625,7.125,0.25],"texture":"#0"},"east":{"uv":[7.125,0.0625,6.9375,0.25],"texture":"#0"},"south":{"uv":[6.9375,0.0625,7.125,0.25],"texture":"#0"},"west":{"uv":[7.125,0.0625,6.9375,0.25],"texture":"#0"},"up":{"uv":[6.9375,0.3125,7.125,0.5],"rotation":180,"texture":"#0"},"down":{"uv":[6.9375,0.5625,7.125,0.75],"texture":"#0"}}},{"from":[19.25,10,14],"to":[20.75,11.5,15.5],"rotation":{"angle":0,"axis":"y","origin":[4,4,4]},"faces":{"north":{"uv":[6.9375,0.0625,7.125,0.25],"texture":"#0"},"east":{"uv":[7.125,0.0625,6.9375,0.25],"texture":"#0"},"south":{"uv":[6.9375,0.0625,7.125,0.25],"texture":"#0"},"west":{"uv":[7.125,0.0625,6.9375,0.25],"texture":"#0"},"up":{"uv":[6.9375,0.3125,7.125,0.5],"rotation":180,"texture":"#0"},"down":{"uv":[6.9375,0.5625,7.125,0.75],"texture":"#0"}}},{"from":[-7.5,4,-7],"to":[-7,20.5,-7],"rotation":{"angle":0,"axis":"y","origin":[4,4,4]},"faces":{"north":{"uv":[0.125,1.625,0.1875,3.6875],"texture":"#0"},"south":{"uv":[0.125,1.625,0.1875,3.6875],"texture":"#0"}}},{"from":[-9.73744,12.32322,-7.75],"to":[-8.23744,16.32322,-6.25],"rotation":{"angle":-22.5,"axis":"z","origin":[-8.48744,14.57322,-7]},"faces":{"north":{"uv":[11.5,1.4375,11.6875,1.9375],"texture":"#0"},"east":{"uv":[11.6875,1.4375,11.5,1.9375],"texture":"#0"},"south":{"uv":[11.5,1.4375,11.6875,1.9375],"texture":"#0"},"west":{"uv":[11.6875,1.4375,11.5,1.9375],"texture":"#0"},"up":{"uv":[11.25,1.4375,11.4375,1.625],"texture":"#0"},"down":{"uv":[11.5,2,11.6875,2.1875],"texture":"#0"}}},{"from":[-9.48744,16.32322,-7.5],"to":[-8.48744,17.32322,-6.5],"rotation":{"angle":-22.5,"axis":"z","origin":[-8.48744,14.57322,-7]},"faces":{"north":{"uv":[11.5,1.3125,11.625,1.4375],"texture":"#0"},"east":{"uv":[11.5,1.3125,11.625,1.4375],"texture":"#0"},"south":{"uv":[11.5,1.3125,11.625,1.4375],"texture":"#0"},"west":{"uv":[11.5,1.3125,11.625,1.4375],"texture":"#0"},"up":{"uv":[11.5,1.3125,11.625,1.375],"texture":"#0"}}},{"from":[-7.23744,6.82322,-7.75],"to":[-5.73744,10.82322,-6.25],"rotation":{"angle":-22.5,"axis":"z","origin":[-8.48744,14.57322,-7]},"faces":{"north":{"uv":[10.375,1.4375,10.5625,1.9375],"texture":"#0"},"east":{"uv":[10.5625,1.4375,10.375,1.9375],"texture":"#0"},"south":{"uv":[10.375,1.4375,10.5625,1.9375],"texture":"#0"},"west":{"uv":[10.5625,1.4375,10.375,1.9375],"texture":"#0"},"up":{"uv":[10.125,1.4375,10.3125,1.625],"texture":"#0"},"down":{"uv":[10.375,2,10.5625,2.1875],"texture":"#0"}}},{"from":[-6.98744,10.82322,-7.5],"to":[-5.98744,11.82322,-6.5],"rotation":{"angle":-22.5,"axis":"z","origin":[-8.48744,14.57322,-7]},"faces":{"north":{"uv":[11.5,1.3125,11.625,1.4375],"texture":"#0"},"east":{"uv":[11.5,1.3125,11.625,1.4375],"texture":"#0"},"south":{"uv":[11.5,1.3125,11.625,1.4375],"texture":"#0"},"west":{"uv":[11.5,1.3125,11.625,1.4375],"texture":"#0"},"up":{"uv":[11.5,1.3125,11.625,1.375],"texture":"#0"}}},{"from":[-5.26256,21.32322,-7.75],"to":[-3.76256,25.32322,-6.25],"rotation":{"angle":22.5,"axis":"z","origin":[24.48744,14.57322,-7]},"faces":{"north":{"uv":[11.125,1.4375,10.9375,1.9375],"texture":"#0"},"east":{"uv":[10.9375,1.4375,11.125,1.9375],"texture":"#0"},"south":{"uv":[11.125,1.4375,10.9375,1.9375],"texture":"#0"},"west":{"uv":[10.9375,1.4375,11.125,1.9375],"texture":"#0"},"up":{"uv":[10.875,1.4375,10.6875,1.625],"texture":"#0"},"down":{"uv":[11.125,2,10.9375,2.1875],"texture":"#0"}}},{"from":[-5.01256,25.32322,-7.5],"to":[-4.01256,26.32322,-6.5],"rotation":{"angle":22.5,"axis":"z","origin":[24.48744,14.57322,-7]},"faces":{"north":{"uv":[11.625,1.3125,11.5,1.4375],"texture":"#0"},"east":{"uv":[11.625,1.3125,11.5,1.4375],"texture":"#0"},"south":{"uv":[11.625,1.3125,11.5,1.4375],"texture":"#0"},"west":{"uv":[11.625,1.3125,11.5,1.4375],"texture":"#0"},"up":{"uv":[11.625,1.3125,11.5,1.375],"texture":"#0"}}}],"gui_light":"front","display":{"thirdperson_righthand":{"rotation":[75,45,0],"translation":[1.75,7.75,2],"scale":[0.375,0.375,0.375]},"thirdperson_lefthand":{"rotation":[75,45,0],"translation":[1.75,7.75,2],"scale":[0.375,0.375,0.375]},"firstperson_righthand":{"rotation":[0,45,0],"translation":[5.25,2.75,0],"scale":[0.4,0.4,0.4]},"firstperson_lefthand":{"rotation":[0,45,0],"translation":[5.25,2.75,0],"scale":[0.4,0.4,0.4]},"ground":{"translation":[0,3.5,0],"scale":[0.3418,0.3418,0.3418]},"gui":{"rotation":[30,225,0],"translation":[0,-1.25,0],"scale":[0.27539,0.27539,0.27539]},"head":{"translation":[-39.5,-17.75,51.25],"scale":[3.19922,3.19922,3.19922]},"fixed":{"rotation":[-90,0,0],"translation":[-49.5,32.5,-31.75],"scale":[4,4,4]}},"groups":[{"name":"group","origin":[8,8,8],"color":0,"children":[{"name":"group","origin":[8,8,8],"color":0,"children":[0]},{"name":"group","origin":[8,8,8],"color":0,"children":[1]},{"name":"group","origin":[8,8,8],"color":0,"children":[2]},{"name":"group","origin":[8,8,8],"color":0,"children":[3,4]},{"name":"group","origin":[8,8,8],"color":0,"children":[5,6]},{"name":"group","origin":[48.83247,25.35356,-14.12132],"color":0,"children":[7,8,9,10,11,12,{"name":"group","origin":[48.83247,25.35356,-14.12132],"color":0,"children":[13,14,15,16,17,18]}]},{"name":"group","origin":[8,8,8],"color":0,"children":[19]},{"name":"group","origin":[8,8,8],"color":0,"children":[20]},{"name":"group","origin":[8,8,8],"color":0,"children":[21,22,23,24]},{"name":"group","origin":[0,0,0],"color":0,"children":[25,26,27,28]},{"name":"group","origin":[8,8,8],"color":0,"children":[29,30,31,32,33,34]},{"name":"group","origin":[8,8,8],"color":0,"children":[35]},{"name":"group","origin":[8,8,8],"color":0,"children":[36,37,38]},{"name":"group","origin":[8,8,8],"color":0,"children":[39,40,41,42,43]},{"name":"group","origin":[8,8,8],"color":0,"children":[44,45,46,47,48]},{"name":"group","origin":[8,8,8],"color":0,"children":[49,50,51,52,53]},{"name":"group","origin":[8,8,8],"color":0,"children":[54,55,56,57,58]},{"name":"group","origin":[8,8,8],"color":0,"children":[59,60,61,62,63]},{"name":"group","origin":[0,0,0],"color":0,"children":[64,{"name":"group","origin":[0,0,0],"color":0,"children":[65,66]},{"name":"group","origin":[0,0,0],"color":0,"children":[67,68]},{"name":"group","origin":[0,0,0],"color":0,"children":[69,70]}]}]}],"mcmodels":"b383fad469164c3f1b58291b8b98aba4"}