{
	"credit": "Made with Blockbench",
	"textures": {
		"0": "modelengine:entity/node_progress_bars",
		"particle": "modelengine:entity/node_progress_bars"
	},
	"elements": [
		{
			"from": [2, 5, 8],
			"to": [14, 11, 8],
			"rotation": {"angle": 0, "axis": "y", "origin": [8, 8, 8]},
			"faces": {
				"north": {"uv": [5.375, 7.375, 9.25, 9.25], "texture": "#0"},
				"east": {"uv": [0, 0, 0, 6], "texture": "#0"},
				"south": {"uv": [5.375, 7.375, 9.25, 9.25], "texture": "#0"},
				"west": {"uv": [0, 0, 0, 6], "texture": "#0"},
				"up": {"uv": [0, 0, 16, 0], "texture": "#0"},
				"down": {"uv": [0, 0, 16, 0], "texture": "#0"}
			}
		}
	],
	"display": {
		"head": {
			"translation": [-9.25, 0, 0]
		}
	}
}