{"credit":"Erocavontic","textures":{"0":"potion_3d:potion_k","1":"potion_3d:empty","particle":"potion_3d:potion_k"},"elements":[{"from":[7,4,7],"to":[9,9,9],"rotation":{"angle":0,"axis":"y","origin":[7,3,7]},"faces":{"north":{"uv":[3,7,4,9.5],"texture":"#0","tintindex":0},"east":{"uv":[1,7,2,9.5],"texture":"#0","tintindex":0},"south":{"uv":[2,7,3,9.5],"texture":"#0","tintindex":0},"west":{"uv":[0,7,1,9.5],"texture":"#0","tintindex":0},"up":{"uv":[5,8,4,7],"texture":"#0","tintindex":0},"down":{"uv":[6,7,5,8],"texture":"#0","tintindex":0}}},{"from":[6,4,6],"to":[10,8,10],"rotation":{"angle":0,"axis":"y","origin":[7,3,7]},"faces":{"north":{"uv":[0,0,2,2],"texture":"#0"},"east":{"uv":[2,0,4,2],"texture":"#0"},"south":{"uv":[0,2,2,4],"texture":"#0"},"west":{"uv":[2,2,4,4],"texture":"#0"},"up":{"uv":[6,2,4,0],"texture":"#0"},"down":{"uv":[6,2,4,4],"texture":"#0"}}},{"from":[7,15,7],"to":[9,18,9],"rotation":{"angle":0,"axis":"y","origin":[7,16,7]},"faces":{"north":{"uv":[12,0,13,1.5],"texture":"#0"},"east":{"uv":[11,0,12,1.5],"texture":"#0"},"south":{"uv":[13,0,14,1.5],"texture":"#0"},"west":{"uv":[10,0,11,1.5],"texture":"#0"}}},{"from":[6.25,18,6.25],"to":[9.75,20,9.75],"rotation":{"angle":0,"axis":"y","origin":[7.25,20,7.25]},"faces":{"north":{"uv":[6,0,8,1],"texture":"#0"},"east":{"uv":[6,1,8,2],"texture":"#0"},"south":{"uv":[8,1,10,2],"texture":"#0"},"west":{"uv":[8,0,10,1],"texture":"#0"},"up":{"uv":[8,4,6,2],"texture":"#0"},"down":{"uv":[10,2,8,4],"texture":"#0"}}},{"from":[6.5,9,6.5],"to":[9.5,11,9.5],"rotation":{"angle":0,"axis":"y","origin":[6.5,9,8.5]},"faces":{"north":{"uv":[2.5,14,4,15],"texture":"#0","tintindex":0},"east":{"uv":[2.5,14,4,15],"texture":"#0","tintindex":0},"south":{"uv":[2.5,14,4,15],"texture":"#0","tintindex":0},"west":{"uv":[2.5,14,4,15],"texture":"#0","tintindex":0},"up":{"uv":[2.5,12.5,4,14],"texture":"#0","tintindex":0},"down":{"uv":[4,12.5,5.5,14],"texture":"#0","tintindex":0}}},{"from":[6.9,3.9,6.9],"to":[9.1,9.1,9.1],"rotation":{"angle":0,"axis":"y","origin":[6.9,2.9,6.9]},"faces":{"north":{"uv":[0,0,2,5],"texture":"#1","tintindex":0},"east":{"uv":[2,0,4,5],"texture":"#1","tintindex":0},"south":{"uv":[4,0,6,5],"texture":"#1","tintindex":0},"west":{"uv":[0,5,2,10],"texture":"#1","tintindex":0},"up":{"uv":[8,4,6,2],"texture":"#1","tintindex":0},"down":{"uv":[4,8,2,10],"texture":"#1","tintindex":0}}},{"from":[6.4,8.9,6.4],"to":[9.6,11.1,9.6],"rotation":{"angle":0,"axis":"y","origin":[6.4,8.9,8.4]},"faces":{"north":{"uv":[6,0,9,2],"texture":"#1","tintindex":0},"east":{"uv":[6,0,9,2],"texture":"#1","tintindex":0},"south":{"uv":[6,0,9,2],"texture":"#1","tintindex":0},"west":{"uv":[6,0,9,2],"texture":"#1","tintindex":0},"up":{"uv":[5,8,2,5],"texture":"#1","tintindex":0},"down":{"uv":[8,5,5,8],"texture":"#1","tintindex":0}}},{"from":[5.5,8,5.5],"to":[10.5,13,10.5],"rotation":{"angle":0,"axis":"y","origin":[5.5,8,5.5]},"faces":{"north":{"uv":[6,4,8.5,6.5],"texture":"#0"},"east":{"uv":[6,4,8.5,6.5],"texture":"#0"},"south":{"uv":[6,4,8.5,6.5],"texture":"#0"},"west":{"uv":[6,4,8.5,6.5],"texture":"#0"},"up":{"uv":[0,4,3,7],"texture":"#0"},"down":{"uv":[3,4,6,7],"texture":"#0"}}},{"from":[5.5,3,5.5],"to":[10.5,4,10.5],"rotation":{"angle":0,"axis":"y","origin":[5.5,3,5.5]},"faces":{"north":{"uv":[4,8,6.5,8.5],"texture":"#0"},"east":{"uv":[6.5,8.5,4,9],"texture":"#0"},"south":{"uv":[4,9,6.5,9.5],"texture":"#0"},"west":{"uv":[4,8.5,6.5,9],"texture":"#0"},"up":{"uv":[0,12,2.5,14.5],"texture":"#0"},"down":{"uv":[0,9.5,2.5,12],"texture":"#0"}}},{"from":[5,7.975,5],"to":[11,14,11],"rotation":{"angle":0,"axis":"y","origin":[7,11,6]},"faces":{"north":{"uv":[9.5,6.5,12.5,9.5],"texture":"#0"},"east":{"uv":[15.5,6.5,12.5,9.5],"texture":"#0"},"south":{"uv":[6.5,6.5,9.5,9.5],"texture":"#0"},"west":{"uv":[12.5,6.5,15.5,9.5],"texture":"#0"},"up":{"uv":[2.5,9.5,5.5,12.5],"texture":"#0"},"down":{"uv":[5.5,9.5,8.5,12.5],"texture":"#0"}}},{"from":[5.5,14,5.5],"to":[10.5,15,10.5],"rotation":{"angle":0,"axis":"y","origin":[6.5,12,6.5]},"faces":{"north":{"uv":[0,14.5,2.5,15],"texture":"#0"},"east":{"uv":[2.5,15,0,15.5],"texture":"#0"},"south":{"uv":[2.5,15,5,15.5],"texture":"#0"},"west":{"uv":[0,15,2.5,15.5],"texture":"#0"},"up":{"uv":[8,12.5,10.5,15],"texture":"#0"},"down":{"uv":[5.5,12.5,8,15],"texture":"#0"}}},{"from":[7,1,7],"to":[9,2,9],"rotation":{"angle":0,"axis":"y","origin":[7,0,7]},"faces":{"north":{"uv":[4,14,5,14.5],"texture":"#0"},"east":{"uv":[4,14,5,14.5],"texture":"#0"},"south":{"uv":[4,14,5,14.5],"texture":"#0"},"west":{"uv":[4,14,5,14.5],"texture":"#0"}}},{"from":[5,0,5],"to":[11,1,11],"rotation":{"angle":0,"axis":"y","origin":[7,-1,7]},"faces":{"north":{"uv":[10.5,9.5,13.5,10],"texture":"#0"},"east":{"uv":[10.5,9.5,13.5,10],"texture":"#0"},"south":{"uv":[10.5,9.5,13.5,10],"texture":"#0"},"west":{"uv":[10.5,9.5,13.5,10],"texture":"#0"},"up":{"uv":[10.5,10,13.5,13],"texture":"#0"},"down":{"uv":[10.5,10,13.5,13],"texture":"#0"}}},{"from":[6,2,6],"to":[10,3,10],"rotation":{"angle":0,"axis":"y","origin":[7,1,7]},"faces":{"north":{"uv":[8.5,9.5,10.5,10],"texture":"#0"},"east":{"uv":[8.5,9.5,10.5,10],"texture":"#0"},"south":{"uv":[8.5,9.5,10.5,10],"texture":"#0"},"west":{"uv":[8.5,9.5,10.5,10],"texture":"#0"},"up":{"uv":[8.5,10,10.5,12],"texture":"#0"},"down":{"uv":[8.5,10,10.5,12],"texture":"#0"}}},{"from":[6.5,11.5,1.5],"to":[9.5,13.5,5.5],"rotation":{"angle":0,"axis":"y","origin":[7.5,11.5,2.5]},"faces":{"north":{"uv":[13,3,14.5,4],"texture":"#0"},"east":{"uv":[15,2,13,3],"texture":"#0"},"west":{"uv":[13,2,15,3],"texture":"#0"},"up":{"uv":[10,2,11.5,4],"texture":"#0"},"down":{"uv":[11.5,2,13,4],"texture":"#0"}}},{"from":[6.91421,10.37868,1.525],"to":[9.03553,12.5,3.525],"rotation":{"angle":45,"axis":"z","origin":[7.91421,11.5,2.525]},"faces":{"north":{"uv":[13,4,14,5],"texture":"#0"},"south":{"uv":[13,5,14,6],"texture":"#0"},"west":{"uv":[14,4,15,5],"texture":"#0"},"down":{"uv":[14,5,15,6],"texture":"#0"}}},{"from":[5.75,4,6.5],"to":[10.25,8,10.25],"rotation":{"angle":0,"axis":"y","origin":[5.5,4,6.5]},"faces":{"east":{"uv":[10.5,4,8.5,6],"texture":"#0"},"south":{"uv":[10.5,4,13,6],"texture":"#0"},"west":{"uv":[8.5,4,10.5,6],"texture":"#0"}}},{"from":[5,12,8],"to":[5.25,13,13],"rotation":{"angle":-45,"axis":"y","origin":[5,11,8]},"faces":{"north":{"uv":[10.5,13,11,13.5],"texture":"#0"},"east":{"uv":[13,13,10.5,13.5],"texture":"#0"},"south":{"uv":[12.5,13,13,13.5],"texture":"#0"},"west":{"uv":[10.5,13,13,13.5],"texture":"#0"},"up":{"uv":[13.5,10.5,14,13],"texture":"#0"},"down":{"uv":[13.5,13,14,10.5],"texture":"#0"}}},{"from":[5,10,8],"to":[5.25,11,11],"rotation":{"angle":-45,"axis":"y","origin":[5,10,8]},"faces":{"north":{"uv":[10.5,14,11,14.5],"texture":"#0"},"east":{"uv":[12,14,10.5,14.5],"texture":"#0"},"south":{"uv":[11.5,14,12,14.5],"texture":"#0"},"west":{"uv":[10.5,14,12,14.5],"texture":"#0"},"down":{"uv":[14.5,10.5,15,12],"texture":"#0"}}},{"from":[5,11,8],"to":[5.25,12,12],"rotation":{"angle":-45,"axis":"y","origin":[5,10,8]},"faces":{"north":{"uv":[10.5,13.5,11,14],"texture":"#0"},"east":{"uv":[12.5,13.5,10.5,14],"texture":"#0"},"south":{"uv":[12,13.5,12.5,14],"texture":"#0"},"west":{"uv":[10.5,13.5,12.5,14],"texture":"#0"},"down":{"uv":[14,12.5,14.5,10.5],"texture":"#0"}}},{"from":[10.75,10,8.5],"to":[11,11,11.5],"rotation":{"angle":45,"axis":"y","origin":[11,10,8.5]},"faces":{"north":{"uv":[11,14,10.5,14.5],"texture":"#0"},"east":{"uv":[12,14,10.5,14.5],"texture":"#0"},"south":{"uv":[12,14,11.5,14.5],"texture":"#0"},"west":{"uv":[10.5,14,12,14.5],"texture":"#0"},"down":{"uv":[15,10.5,14.5,12],"texture":"#0"}}},{"from":[10.75,11,8.5],"to":[11,12,12.5],"rotation":{"angle":45,"axis":"y","origin":[11,10,8.5]},"faces":{"north":{"uv":[11,13.5,10.5,14],"texture":"#0"},"east":{"uv":[12.5,13.5,10.5,14],"texture":"#0"},"south":{"uv":[12.5,13.5,12,14],"texture":"#0"},"west":{"uv":[10.5,13.5,12.5,14],"texture":"#0"},"down":{"uv":[14.5,12.5,14,10.5],"texture":"#0"}}},{"from":[10.75,12,8.5],"to":[11,13,13.5],"rotation":{"angle":45,"axis":"y","origin":[11,11,8.5]},"faces":{"north":{"uv":[11,13,10.5,13.5],"texture":"#0"},"east":{"uv":[13,13,10.5,13.5],"texture":"#0"},"south":{"uv":[13,13,12.5,13.5],"texture":"#0"},"west":{"uv":[10.5,13,13,13.5],"texture":"#0"},"up":{"uv":[14,10.5,13.5,13],"texture":"#0"},"down":{"uv":[14,13,13.5,10.5],"texture":"#0"}}},{"from":[6.75,16,6.75],"to":[9.25,17,9.25],"rotation":{"angle":0,"axis":"y","origin":[7.5,16,7.5]},"faces":{"north":{"uv":[9,15,10.5,15.5],"texture":"#0"},"east":{"uv":[9,15,10.5,15.5],"texture":"#0"},"south":{"uv":[9,15,10.5,15.5],"texture":"#0"},"west":{"uv":[9,15,10.5,15.5],"texture":"#0"},"up":{"uv":[10.5,14.5,12,16],"texture":"#0"},"down":{"uv":[10.5,14.5,12,16],"texture":"#0"}}}],"gui_light":"front","display":{"thirdperson_righthand":{"rotation":[30,0,0],"translation":[0,0.75,-0.25],"scale":[0.4,0.4,0.4]},"thirdperson_lefthand":{"rotation":[30,0,0],"translation":[0,0.75,-0.25],"scale":[0.4,0.4,0.4]},"firstperson_righthand":{"rotation":[15,0,0],"translation":[1.5,4,2],"scale":[0.4,0.4,0.4]},"firstperson_lefthand":{"rotation":[15,0,0],"translation":[1.5,4,2],"scale":[0.4,0.4,0.4]},"ground":{"translation":[0,2.5,0],"scale":[0.4,0.4,0.4]},"gui":{"rotation":[30,135,0],"translation":[0,-1,0],"scale":[0.7,0.7,0.7]},"fixed":{"rotation":[-90,-180,0],"translation":[0,0,-8]}},"groups":[0,1,2,3,4,{"name":"bg_color","origin":[6.5,9,8.5],"color":0,"children":[5,6]},7,8,9,10,11,12,13,14,15,16,17,18,19,20,21,22,23],"mcmodels":"2d796f0bc8392c051c42df1fe7ca885a"}