{"credit":"Erocavontic","textures":{"0":"potion_3d:potion_f","1":"potion_3d:empty","particle":"potion_3d:potion_f"},"elements":[{"name":"color_bg","from":[6.9,1.15,6.9],"to":[9.1,9.35,9.1],"rotation":{"angle":0,"axis":"y","origin":[6.9,1.15,6.9]},"faces":{"north":{"uv":[0,0,2,8],"texture":"#1","tintindex":0},"east":{"uv":[2,0,4,8],"texture":"#1","tintindex":0},"south":{"uv":[4,0,6,8],"texture":"#1","tintindex":0},"west":{"uv":[6,0,8,8],"texture":"#1","tintindex":0},"up":{"uv":[2,10,0,8],"texture":"#1","tintindex":0},"down":{"uv":[10,0,8,2],"texture":"#1","tintindex":0}}},{"from":[7,1.25,7],"to":[9,9.25,9],"rotation":{"angle":0,"axis":"y","origin":[7,1.25,7]},"faces":{"north":{"uv":[1,10,2,14],"texture":"#0","tintindex":0},"east":{"uv":[2,10,3,14],"texture":"#0","tintindex":0},"south":{"uv":[3,10,4,14],"texture":"#0","tintindex":0},"west":{"uv":[0,10,1,14],"texture":"#0","tintindex":0},"up":{"uv":[5,11,4,10],"texture":"#0","tintindex":0},"down":{"uv":[5,11,4,12],"texture":"#0","tintindex":0}}},{"from":[6,0.5,6],"to":[10,10.5,10],"rotation":{"angle":0,"axis":"y","origin":[7,1.5,7]},"faces":{"north":{"uv":[0,0,2,5],"texture":"#0"},"east":{"uv":[2,0,4,5],"texture":"#0"},"south":{"uv":[0,5,2,10],"texture":"#0"},"west":{"uv":[2,5,4,10],"texture":"#0"},"up":{"uv":[8,2,6,0],"texture":"#0"},"down":{"uv":[8,2,6,4],"texture":"#0"}}},{"from":[7,13,7],"to":[9,15,9],"rotation":{"angle":0,"axis":"y","origin":[7,14,7]},"faces":{"north":{"uv":[6,5,7,6],"texture":"#0"},"east":{"uv":[7,4,8,5],"texture":"#0"},"south":{"uv":[6,4,7,5],"texture":"#0"},"west":{"uv":[7,5,8,6],"texture":"#0"}}},{"from":[6.25,14,6.25],"to":[9.75,16,9.75],"rotation":{"angle":0,"axis":"y","origin":[7.25,16,7.25]},"faces":{"north":{"uv":[4,3,6,4],"texture":"#0"},"east":{"uv":[4,2,6,3],"texture":"#0"},"south":{"uv":[4,0,6,1],"texture":"#0"},"west":{"uv":[4,1,6,2],"texture":"#0"},"up":{"uv":[6,8,4,6],"texture":"#0"},"down":{"uv":[6,4,4,6],"texture":"#0"}}},{"from":[5.5,0,5.5],"to":[10.5,2,10.5],"rotation":{"angle":0,"axis":"y","origin":[5.5,0,5.5]},"faces":{"north":{"uv":[8,0,10.5,1],"texture":"#0"},"east":{"uv":[8,0,10.5,1],"texture":"#0"},"south":{"uv":[8,0,10.5,1],"texture":"#0"},"west":{"uv":[8,0,10.5,1],"texture":"#0"},"up":{"uv":[8,3.5,10.5,6],"texture":"#0"},"down":{"uv":[8,1,10.5,3.5],"texture":"#0"}}},{"from":[5.5,8,5.5],"to":[10.5,12,10.5],"rotation":{"angle":0,"axis":"y","origin":[5.5,11,5.5]},"faces":{"north":{"uv":[10.5,0,13,2],"texture":"#0"},"east":{"uv":[10.5,0,13,2],"texture":"#0"},"south":{"uv":[10.5,0,13,2],"texture":"#0"},"west":{"uv":[10.5,0,13,2],"texture":"#0"},"up":{"uv":[10.5,2,13,4.5],"texture":"#0"},"down":{"uv":[10.5,4.5,13,7],"texture":"#0"}}},{"from":[8,9.1,5],"to":[10,11.1,5.5],"rotation":{"angle":45,"axis":"z","origin":[8,9.1,5.5]},"faces":{"north":{"uv":[8,6,9,7],"texture":"#0"},"east":{"uv":[9.5,6,10,7],"texture":"#0"},"west":{"uv":[9,6,9.5,7],"texture":"#0"},"up":{"uv":[8,7,9,7.5],"texture":"#0"},"down":{"uv":[9,7,10,7.5],"texture":"#0"}}},{"from":[8,8.35,5.4],"to":[12,12.35,5.4],"rotation":{"angle":45,"axis":"z","origin":[8,8.35,5.4]},"faces":{"north":{"uv":[6,7,8,9],"texture":"#0"},"south":{"uv":[8,7,6,9],"texture":"#0"}}},{"from":[7.75,9.85,4.9],"to":[8.25,11.1,4.9],"rotation":{"angle":0,"axis":"y","origin":[7.5,9.85,4.9]},"faces":{"north":{"uv":[10,6.5,10.5,7.5],"texture":"#0"}}},{"from":[8,15,7],"to":[10,17,9],"rotation":{"angle":45,"axis":"z","origin":[8,15,7]},"faces":{"north":{"uv":[8,7.5,9,8.5],"texture":"#0"},"east":{"uv":[9,7.5,10,8.5],"texture":"#0"},"south":{"uv":[10,7.5,11,8.5],"texture":"#0"},"west":{"uv":[8,8.5,9,9.5],"texture":"#0"},"up":{"uv":[9,8.5,10,9.5],"texture":"#0"},"down":{"uv":[10,8.5,11,9.5],"texture":"#0"}}},{"from":[6.5,12,6.5],"to":[9.5,13,9.5],"rotation":{"angle":0,"axis":"y","origin":[6.5,12,6.5]},"faces":{"north":{"uv":[13,0,14.5,0.5],"texture":"#0"},"east":{"uv":[13,0,14.5,0.5],"texture":"#0"},"south":{"uv":[13,0,14.5,0.5],"texture":"#0"},"west":{"uv":[13,0,14.5,0.5],"texture":"#0"},"up":{"uv":[13,0.5,14.5,2],"texture":"#0"}}}],"gui_light":"front","display":{"thirdperson_righthand":{"rotation":[30,0,0],"translation":[0,1.25,-0.25],"scale":[0.4,0.4,0.4]},"thirdperson_lefthand":{"rotation":[30,0,0],"translation":[0,1.25,-0.25],"scale":[0.4,0.4,0.4]},"firstperson_righthand":{"rotation":[15,0,0],"translation":[1.5,4,2],"scale":[0.4,0.4,0.4]},"firstperson_lefthand":{"rotation":[15,0,0],"translation":[1.5,4,2],"scale":[0.4,0.4,0.4]},"ground":{"translation":[0,1.75,0],"scale":[0.4,0.4,0.4]},"gui":{"rotation":[30,145,0],"translation":[0,2.5,0]},"head":{"scale":[0.1,0.1,0.1]},"fixed":{"rotation":[-90,-180,0],"translation":[0,0,-8]}},"mcmodels":"2d796f0bc8392c051c42df1fe7ca885a"}