{"credit":"Erocavontic","texture_size":[32,32],"textures":{"0":"potion_3d:potion_c","1":"potion_3d:empty","particle":"potion_3d:empty"},"elements":[{"from":[3,1,3],"to":[13,9,13],"rotation":{"angle":0,"axis":"y","origin":[8,1,8]},"faces":{"north":{"uv":[3.33333,0,6.66667,2.66667],"texture":"#0"},"east":{"uv":[3.33333,2.66667,6.66667,5.33333],"texture":"#0"},"south":{"uv":[3.33333,5.33333,6.66667,8],"texture":"#0"},"west":{"uv":[0,6.66667,3.33333,9.33333],"texture":"#0"},"up":{"uv":[3.33333,3.33333,0,0],"texture":"#0"},"down":{"uv":[3.33333,3.33333,0,6.66667],"texture":"#0"}}},{"from":[4,9,4],"to":[12,10,12],"rotation":{"angle":0,"axis":"y","origin":[8,9,8]},"faces":{"north":{"uv":[6.66667,10.66667,9.33333,11],"texture":"#0"},"east":{"uv":[9.33333,10.66667,12,11],"texture":"#0"},"south":{"uv":[6.66667,11,9.33333,11.33333],"texture":"#0"},"west":{"uv":[9.33333,11,12,11.33333],"texture":"#0"},"up":{"uv":[9.33333,2.66667,6.66667,0],"texture":"#0"},"down":{"uv":[9.33333,2.66667,6.66667,5.33333],"texture":"#0"}}},{"from":[7,10,7],"to":[9,14,9],"rotation":{"angle":0,"axis":"y","origin":[8,11,8]},"faces":{"north":{"uv":[2.66667,9.33333,3.33333,10.66667],"texture":"#0"},"east":{"uv":[11.33333,9,12,10.33333],"texture":"#0"},"south":{"uv":[9.33333,11.33333,10,12.66667],"texture":"#0"},"west":{"uv":[10,11.33333,10.66667,12.66667],"texture":"#0"},"up":{"uv":[12.66667,0.66667,12,0],"texture":"#0"},"down":{"uv":[12.66667,0.66667,12,1.33333],"texture":"#0"}}},{"from":[6,11,6],"to":[10,13,10],"rotation":{"angle":0,"axis":"y","origin":[8,12,8]},"faces":{"north":{"uv":[10.66667,11.33333,12,12],"texture":"#0"},"east":{"uv":[6.66667,11.66667,8,12.33333],"texture":"#0"},"south":{"uv":[8,11.66667,9.33333,12.33333],"texture":"#0"},"west":{"uv":[0,12,1.33333,12.66667],"texture":"#0"},"up":{"uv":[4,12,2.66667,10.66667],"texture":"#0"},"down":{"uv":[5.33333,10.66667,4,12],"texture":"#0"}}},{"from":[4,0,4],"to":[12,1,12],"rotation":{"angle":0,"axis":"y","origin":[8,1,8]},"faces":{"north":{"uv":[6.66667,11.33333,9.33333,11.66667],"texture":"#0"},"east":{"uv":[11.33333,8,14,8.33333],"texture":"#0"},"south":{"uv":[11.33333,8.33333,14,8.66667],"texture":"#0"},"west":{"uv":[11.33333,8.66667,14,9],"texture":"#0"},"up":{"uv":[9.33333,8,6.66667,5.33333],"texture":"#0"},"down":{"uv":[6,8,3.33333,10.66667],"texture":"#0"}}},{"from":[4,1,4],"to":[12,9,12],"rotation":{"angle":0,"axis":"y","origin":[8,2,8]},"faces":{"north":{"uv":[6,8,8.66667,10.66667],"texture":"#0","tintindex":0},"east":{"uv":[8.66667,8,11.33333,10.66667],"texture":"#0","tintindex":0},"south":{"uv":[0,9.33333,2.66667,12],"texture":"#0","tintindex":0},"west":{"uv":[9.33333,0,12,2.66667],"texture":"#0","tintindex":0},"up":{"uv":[12,5.33333,9.33333,2.66667],"texture":"#0","tintindex":0},"down":{"uv":[12,5.33333,9.33333,8],"texture":"#0","tintindex":0}}},{"name":"bg_color","from":[3.9,0.9,3.9],"to":[12.1,9.1,12.1],"rotation":{"angle":0,"axis":"y","origin":[7.9,1.9,7.9]},"faces":{"north":{"uv":[0,0,4,4],"texture":"#1","tintindex":0},"east":{"uv":[0,4,4,8],"texture":"#1","tintindex":0},"south":{"uv":[4,0,8,4],"texture":"#1","tintindex":0},"west":{"uv":[4,4,8,8],"texture":"#1","tintindex":0},"up":{"uv":[4,12,0,8],"texture":"#1","tintindex":0},"down":{"uv":[12,0,8,4],"texture":"#1","tintindex":0}}},{"from":[1,2,8],"to":[3,8,8],"rotation":{"angle":0,"axis":"y","origin":[1,1,8]},"faces":{"north":{"uv":[5.33333,10.66667,6,12.66667],"texture":"#0"},"east":{"uv":[0,0,0,2],"texture":"#0"},"south":{"uv":[6,10.66667,6.66667,12.66667],"texture":"#0"},"west":{"uv":[0,0,0,2],"texture":"#0"},"up":{"uv":[0.66667,0,0,0],"texture":"#0"},"down":{"uv":[0.66667,0,0,0],"texture":"#0"}}},{"from":[13,2,8],"to":[15,8,8],"rotation":{"angle":0,"axis":"y","origin":[15,1,8]},"faces":{"north":{"uv":[6,10.66667,6.66667,12.66667],"texture":"#0"},"east":{"uv":[0,0,0,2],"texture":"#0"},"south":{"uv":[5.33333,10.66667,6,12.66667],"texture":"#0"},"west":{"uv":[0,0,0,2],"texture":"#0"},"up":{"uv":[0.66667,0,0,0],"texture":"#0"},"down":{"uv":[0.66667,0,0,0],"texture":"#0"}}}],"gui_light":"front","display":{"thirdperson_righthand":{"rotation":[30,0,0],"translation":[0,2,0.25],"scale":[0.4,0.4,0.4]},"thirdperson_lefthand":{"rotation":[30,0,0],"translation":[0,2,0.25],"scale":[0.4,0.4,0.4]},"firstperson_righthand":{"rotation":[15,0,0],"translation":[1.5,4,2],"scale":[0.4,0.4,0.4]},"firstperson_lefthand":{"rotation":[15,0,0],"translation":[1.5,4,2],"scale":[0.4,0.4,0.4]},"ground":{"translation":[0,1.75,0],"scale":[0.4,0.4,0.4]},"gui":{"rotation":[30,-45,0],"translation":[0,2.5,0],"scale":[0.9,0.9,0.9]},"head":{"scale":[0.5,0.5,0.5]},"fixed":{"rotation":[-90,-180,0],"translation":[0,0,-8]}},"mcmodels":"2d796f0bc8392c051c42df1fe7ca885a"}