{"credit":"Erocavontic","texture_size":[32,32],"textures":{"0":"potion_3d:potion_d","1":"potion_3d:empty","particle":"potion_3d:potion_d"},"elements":[{"from":[4,4,4],"to":[12,12,12],"rotation":{"angle":0,"axis":"y","origin":[8,11,8]},"faces":{"north":{"uv":[0,3,2,5],"texture":"#0"},"east":{"uv":[2,3,4,5],"texture":"#0"},"south":{"uv":[4,3,6,5],"texture":"#0"},"west":{"uv":[0,5,2,7],"texture":"#0"},"up":{"uv":[2,5,4,7],"texture":"#0"},"down":{"uv":[4,5,6,7],"texture":"#0"}}},{"from":[3.5,6.62868,3.5],"to":[12.5,12.62868,12.5],"rotation":{"angle":0,"axis":"y","origin":[8,8.62868,8]},"faces":{"north":{"uv":[7.5,4.5,9.75,6],"texture":"#0"},"east":{"uv":[7.5,1.5,9.75,3],"texture":"#0"},"south":{"uv":[7.5,0,9.75,1.5],"texture":"#0"},"west":{"uv":[7.5,3,9.75,4.5],"texture":"#0"},"up":{"uv":[7.5,6,9.75,8.25],"texture":"#0"}}},{"from":[5,0,5],"to":[11,4,11],"rotation":{"angle":0,"axis":"y","origin":[8,3,8]},"faces":{"north":{"uv":[6,6,7.5,7],"texture":"#0"},"east":{"uv":[6,5,7.5,6],"texture":"#0"},"south":{"uv":[6,3,7.5,4],"texture":"#0"},"west":{"uv":[6,4,7.5,5],"texture":"#0"},"up":{"uv":[6,0,7.5,1.5],"texture":"#0"},"down":{"uv":[6,1.5,7.5,3],"texture":"#0"}}},{"from":[-1.5,6.25,8],"to":[17.5,18.25,8],"rotation":{"angle":0,"axis":"y","origin":[7.5,12.25,8]},"faces":{"north":{"uv":[0,0,4.75,3],"texture":"#0"},"east":{"uv":[0,0,0,3],"texture":"#0"},"south":{"uv":[0,0,4.75,3],"texture":"#0"},"west":{"uv":[0,0,0,3],"texture":"#0"},"up":{"uv":[5,0,0,0],"texture":"#0"},"down":{"uv":[5,0,0,0],"texture":"#0"}}},{"from":[5,5,5],"to":[11,11,11],"rotation":{"angle":0,"axis":"y","origin":[5,3,5]},"faces":{"north":{"uv":[0,7,1.5,8.5],"texture":"#0","tintindex":0},"east":{"uv":[3,8.5,4.5,10],"texture":"#0","tintindex":0},"south":{"uv":[1.5,7,3,8.5],"texture":"#0","tintindex":0},"west":{"uv":[3,7,4.5,8.5],"texture":"#0","tintindex":0},"up":{"uv":[0,8.5,1.5,10],"texture":"#0","tintindex":0},"down":{"uv":[1.5,8.5,3,10],"texture":"#0","tintindex":0}}},{"name":"bg_color_2","from":[5.9,0.9,5.9],"to":[10.1,5,10.1],"rotation":{"angle":0,"axis":"y","origin":[5.1,6.5,4.9]},"faces":{"north":{"uv":[3,6,5,8],"texture":"#1","tintindex":0},"east":{"uv":[3,6,5,8],"texture":"#1","tintindex":0},"south":{"uv":[3,6,5,8],"texture":"#1","tintindex":0},"west":{"uv":[3,6,5,8],"texture":"#1","tintindex":0},"down":{"uv":[8,3,6,5],"texture":"#1","tintindex":0}}},{"name":"bg_color_1","from":[4.9,4.9,4.9],"to":[11.1,11.1,11.1],"rotation":{"angle":0,"axis":"y","origin":[4.9,2.9,4.9]},"faces":{"north":{"uv":[0,0,3,3],"texture":"#1","tintindex":0},"east":{"uv":[0,3,3,6],"texture":"#1","tintindex":0},"south":{"uv":[3,0,6,3],"texture":"#1","tintindex":0},"west":{"uv":[3,3,6,6],"texture":"#1","tintindex":0},"up":{"uv":[3,9,0,6],"texture":"#1","tintindex":0},"down":{"uv":[9,0,6,3],"texture":"#1","tintindex":0}}},{"from":[6,1,6],"to":[10,5,10],"rotation":{"angle":0,"axis":"y","origin":[5,6.5,5]},"faces":{"north":{"uv":[4.5,7,5.5,8],"texture":"#0","tintindex":0},"east":{"uv":[4.5,7,5.5,8],"texture":"#0","tintindex":0},"south":{"uv":[4.5,7,5.5,8],"texture":"#0","tintindex":0},"west":{"uv":[4.5,7,5.5,8],"texture":"#0","tintindex":0},"down":{"uv":[6.5,7,5.5,8],"texture":"#0","tintindex":0}}},{"from":[6,14.25,6],"to":[10,16.25,10],"rotation":{"angle":0,"axis":"y","origin":[8,12.25,8]},"faces":{"north":{"uv":[9.75,3,10.75,3.5],"texture":"#0"},"east":{"uv":[9.75,3.5,10.75,4],"texture":"#0"},"south":{"uv":[9.75,2,10.75,2.5],"texture":"#0"},"west":{"uv":[9.75,2.5,10.75,3],"texture":"#0"},"up":{"uv":[10.75,1,9.75,0],"texture":"#0"},"down":{"uv":[10.75,1,9.75,2],"texture":"#0"}}},{"from":[7,12.75,7],"to":[9,15.75,9],"rotation":{"angle":0,"axis":"y","origin":[8,13.75,8]},"faces":{"north":{"uv":[7.5,8.25,8,9],"texture":"#0"},"east":{"uv":[8,8.25,8.5,9],"texture":"#0"},"south":{"uv":[8.5,8.25,9,9],"texture":"#0"},"west":{"uv":[9,8.25,9.5,9],"texture":"#0"},"up":{"uv":[8,9.5,7.5,9],"texture":"#0"},"down":{"uv":[8.5,9,8,9.5],"texture":"#0"}}},{"from":[8,15,6.5],"to":[11,18,9.5],"rotation":{"angle":45,"axis":"z","origin":[8,15,7.5]},"faces":{"north":{"uv":[4.5,8,5.25,8.75],"texture":"#0"},"east":{"uv":[5.25,8,6,8.75],"texture":"#0"},"south":{"uv":[6,8,6.75,8.75],"texture":"#0"},"west":{"uv":[4.5,8.75,5.25,9.5],"texture":"#0"},"up":{"uv":[5.25,8.75,6,9.5],"texture":"#0"},"down":{"uv":[6,8.75,6.75,9.5],"texture":"#0"}}}],"gui_light":"front","display":{"thirdperson_righthand":{"rotation":[30,0,0],"translation":[0,1.25,-0.25],"scale":[0.4,0.4,0.4]},"thirdperson_lefthand":{"rotation":[30,0,0],"translation":[0,1.25,-0.25],"scale":[0.4,0.4,0.4]},"firstperson_righthand":{"rotation":[15,0,0],"translation":[1.5,4,0.5],"scale":[0.4,0.4,0.4]},"firstperson_lefthand":{"rotation":[15,0,0],"translation":[1.5,4,0.5],"scale":[0.4,0.4,0.4]},"ground":{"translation":[0,1.75,0],"scale":[0.4,0.4,0.4]},"gui":{"rotation":[30,145,0],"translation":[0,0.5,0],"scale":[0.9,0.9,0.9]},"head":{"scale":[0.1,0.1,0.1]},"fixed":{"rotation":[-90,-180,0],"translation":[0,0,-8]}},"groups":[0,1,2,3,4,{"name":"group","origin":[5,3,5],"color":0,"boneType":"","children":[5,6]},7,8,9,10],"mcmodels":"2d796f0bc8392c051c42df1fe7ca885a"}