{"credit":"Erocavontic","textures":{"0":"potion_3d:potion_j","1":"potion_3d:empty","particle":"potion_3d:potion_j"},"elements":[{"from":[7,2,7],"to":[9,8,9],"rotation":{"angle":0,"axis":"y","origin":[7,2,7]},"faces":{"north":{"uv":[3,8,4,11],"texture":"#0","tintindex":0},"east":{"uv":[1,8,2,11],"texture":"#0","tintindex":0},"south":{"uv":[2,8,3,11],"texture":"#0","tintindex":0},"west":{"uv":[0,8,1,11],"texture":"#0","tintindex":0},"up":{"uv":[5,9,4,8],"texture":"#0","tintindex":0},"down":{"uv":[5,9,4,10],"texture":"#0","tintindex":0}}},{"from":[6,1,6],"to":[10,7,10],"rotation":{"angle":0,"axis":"y","origin":[7,2,7]},"faces":{"north":{"uv":[0,1,2,4],"texture":"#0"},"east":{"uv":[2,1,4,4],"texture":"#0"},"south":{"uv":[0,5,2,8],"texture":"#0"},"west":{"uv":[2,5,4,8],"texture":"#0"},"up":{"uv":[6,2,4,0],"texture":"#0"},"down":{"uv":[6,2,4,4],"texture":"#0"}}},{"from":[7,13.5,7],"to":[9,17.5,9],"rotation":{"angle":0,"axis":"y","origin":[7,14.5,7]},"faces":{"north":{"uv":[12,0,13,2],"texture":"#0"},"east":{"uv":[11,0,12,2],"texture":"#0"},"south":{"uv":[13,0,14,2],"texture":"#0"},"west":{"uv":[10,0,11,2],"texture":"#0"},"up":{"uv":[15,1,14,0],"texture":"#0"},"down":{"uv":[15,1,14,2],"texture":"#0"}}},{"from":[6.25,14.5,6.25],"to":[9.75,16.5,9.75],"rotation":{"angle":0,"axis":"y","origin":[7.25,16.5,7.25]},"faces":{"north":{"uv":[6,0,8,1],"texture":"#0"},"east":{"uv":[6,1,8,2],"texture":"#0"},"south":{"uv":[8,1,10,2],"texture":"#0"},"west":{"uv":[8,0,10,1],"texture":"#0"},"up":{"uv":[8,4,6,2],"texture":"#0"},"down":{"uv":[10,2,8,4],"texture":"#0"}}},{"from":[6,8,6],"to":[10,10,10],"rotation":{"angle":0,"axis":"y","origin":[6,8,8]},"faces":{"north":{"uv":[5,8,7,9],"texture":"#0","tintindex":0},"east":{"uv":[5,8,7,9],"texture":"#0","tintindex":0},"south":{"uv":[5,8,7,9],"texture":"#0","tintindex":0},"west":{"uv":[5,8,7,9],"texture":"#0","tintindex":0},"up":{"uv":[5,9,7,11],"texture":"#0","tintindex":0},"down":{"uv":[7,9,9,11],"texture":"#0","tintindex":0}}},{"from":[5.9,7.9,5.9],"to":[10.1,10.1,10.1],"rotation":{"angle":0,"axis":"y","origin":[5.9,7.9,7.9]},"faces":{"north":{"uv":[0,8,4,10],"texture":"#1","tintindex":0},"east":{"uv":[0,8,4,10],"texture":"#1","tintindex":0},"south":{"uv":[0,8,4,10],"texture":"#1","tintindex":0},"west":{"uv":[0,8,4,10],"texture":"#1","tintindex":0},"up":{"uv":[4,4,0,0],"texture":"#1","tintindex":0},"down":{"uv":[4,4,0,8],"texture":"#1","tintindex":0}}},{"from":[6.9,1.9,6.9],"to":[9.1,8.1,9.1],"rotation":{"angle":0,"axis":"y","origin":[6.9,1.9,6.9]},"faces":{"north":{"uv":[4,0,6,6],"texture":"#1","tintindex":0},"east":{"uv":[6,0,8,6],"texture":"#1","tintindex":0},"south":{"uv":[4,6,6,12],"texture":"#1","tintindex":0},"west":{"uv":[6,6,8,12],"texture":"#1","tintindex":0},"up":{"uv":[10,2,8,0],"texture":"#1","tintindex":0},"down":{"uv":[10,2,8,4],"texture":"#1","tintindex":0}}},{"from":[5,7,5],"to":[11,12,11],"rotation":{"angle":0,"axis":"y","origin":[5,7,5]},"faces":{"north":{"uv":[4,4,7,6.5],"texture":"#0"},"east":{"uv":[4,4,7,6.5],"texture":"#0"},"south":{"uv":[4,4,7,6.5],"texture":"#0"},"west":{"uv":[4,4,7,6.5],"texture":"#0"},"up":{"uv":[7,4,10,7],"texture":"#0"},"down":{"uv":[10,4,13,7],"texture":"#0"}}},{"from":[5.5,0,5.5],"to":[10.5,3,10.5],"rotation":{"angle":0,"axis":"y","origin":[5.5,0,5.5]},"faces":{"north":{"uv":[2.5,14.5,5,16],"texture":"#0"},"east":{"uv":[7.5,14.5,5,16],"texture":"#0"},"south":{"uv":[7.5,14.5,10,16],"texture":"#0"},"west":{"uv":[5,14.5,7.5,16],"texture":"#0"},"up":{"uv":[0,13.5,2.5,16],"texture":"#0"},"down":{"uv":[0,11,2.5,13.5],"texture":"#0"}}},{"from":[4.5,8.5,4.5],"to":[11.5,12.5,11.5],"rotation":{"angle":0,"axis":"y","origin":[6.5,9.5,6.5]},"faces":{"north":{"uv":[12.5,11,16,13],"texture":"#0"},"east":{"uv":[16,13,12.5,15],"texture":"#0"},"south":{"uv":[12.5,9,16,11],"texture":"#0"},"west":{"uv":[12.5,13,16,15],"texture":"#0"},"up":{"uv":[6,11,9.5,14.5],"texture":"#0"},"down":{"uv":[2.5,11,6,14.5],"texture":"#0"}}},{"from":[5.5,12.5,5.5],"to":[10.5,13.5,10.5],"rotation":{"angle":0,"axis":"y","origin":[6.5,10.5,6.5]},"faces":{"north":{"uv":[9.5,8,12,8.5],"texture":"#0"},"east":{"uv":[9.5,8,12,8.5],"texture":"#0"},"south":{"uv":[9.5,8,12,8.5],"texture":"#0"},"west":{"uv":[9.5,8,12,8.5],"texture":"#0"},"up":{"uv":[9.5,11,12,13.5],"texture":"#0"},"down":{"uv":[9.5,8.5,12,11],"texture":"#0"}}},{"from":[4.75,9.85,4.4],"to":[6.75,10.85,4.4],"rotation":{"angle":-22.5,"axis":"z","origin":[6.75,9.85,4.4]},"faces":{"north":{"uv":[13.5,8.5,12.5,9],"texture":"#0"}}},{"from":[9.25,9.85,4.4],"to":[11.25,10.85,4.4],"rotation":{"angle":22.5,"axis":"z","origin":[9.25,9.85,4.4]},"faces":{"north":{"uv":[12.5,8.5,13.5,9],"texture":"#0"}}},{"from":[5.75,3,8],"to":[5.75,7,9],"rotation":{"angle":0,"axis":"y","origin":[5.75,3,8]},"faces":{"east":{"uv":[14,7,14.5,9],"texture":"#0"},"west":{"uv":[14,7,14.5,9],"texture":"#0"}}},{"from":[10.25,3,8],"to":[10.25,7,9],"rotation":{"angle":0,"axis":"y","origin":[10.25,3,8]},"faces":{"east":{"uv":[14.5,7,14,9],"texture":"#0"},"west":{"uv":[14.5,7,14,9],"texture":"#0"}}},{"from":[4.75,6.75,8],"to":[5.75,8.25,9],"rotation":{"angle":0,"axis":"y","origin":[4.75,6.75,8]},"faces":{"north":{"uv":[14,6.5,14.5,7],"texture":"#0"},"east":{"uv":[14,6.5,14.5,7],"texture":"#0"},"south":{"uv":[14,6.5,14.5,7],"texture":"#0"},"west":{"uv":[14,6.5,14.5,7],"texture":"#0"},"up":{"uv":[14,6.5,14.5,7],"texture":"#0"},"down":{"uv":[14,6.5,14.5,7],"texture":"#0"}}},{"from":[10.25,6.75,8],"to":[11.25,8.25,9],"rotation":{"angle":0,"axis":"y","origin":[11.25,6.75,8]},"faces":{"north":{"uv":[14.5,6.5,14,7],"texture":"#0"},"east":{"uv":[14.5,6.5,14,7],"texture":"#0"},"south":{"uv":[14.5,6.5,14,7],"texture":"#0"},"west":{"uv":[14.5,6.5,14,7],"texture":"#0"},"up":{"uv":[14.5,6.5,14,7],"texture":"#0"},"down":{"uv":[14.5,6.5,14,7],"texture":"#0"}}}],"gui_light":"front","display":{"thirdperson_righthand":{"rotation":[30,0,0],"translation":[0,2,0],"scale":[0.4,0.4,0.4]},"thirdperson_lefthand":{"rotation":[30,0,0],"translation":[0,2,0],"scale":[0.4,0.4,0.4]},"firstperson_righthand":{"rotation":[15,0,0],"translation":[1.5,4,2],"scale":[0.4,0.4,0.4]},"firstperson_lefthand":{"rotation":[15,0,0],"translation":[1.5,4,2],"scale":[0.4,0.4,0.4]},"ground":{"translation":[0,1.75,0],"scale":[0.4,0.4,0.4]},"gui":{"rotation":[30,145,0],"translation":[0,2.5,0]},"fixed":{"rotation":[-90,-180,0],"translation":[0,0,-8]}},"groups":[0,1,2,3,4,{"name":"group","origin":[7,2,7],"color":0,"boneType":"","children":[5,6]},7,8,9,10,11,12,13,14,15,16],"mcmodels":"2d796f0bc8392c051c42df1fe7ca885a"}