{"credit":"Erocavontic","textures":{"0":"potion_3d:potion_g","1":"potion_3d:empty","particle":"potion_3d:potion_g"},"elements":[{"from":[8.075,-1.55,5],"to":[15.70317,6.07817,11],"rotation":{"angle":45,"axis":"z","origin":[8,-1.625,8]},"faces":{"north":{"uv":[2,2.25,4,4.25],"texture":"#0"},"east":{"uv":[0,4.25,1.5,6.25],"texture":"#0"},"south":{"uv":[0,2.25,2,4.25],"texture":"#0"},"west":{"uv":[1.5,4.25,3,6.25],"texture":"#0"},"up":{"uv":[6,5.25,4,3.75],"texture":"#0"},"down":{"uv":[6,2.25,4,3.75],"texture":"#0"}}},{"from":[6,7.25,5.7],"to":[10,11.25,10.3],"rotation":{"angle":0,"axis":"y","origin":[8,8.25,8]},"faces":{"north":{"uv":[6.5,5,7.5,6],"texture":"#0"},"east":{"uv":[7.5,6,8.5,7],"texture":"#0"},"south":{"uv":[6.5,6,7.5,7],"texture":"#0"},"west":{"uv":[7.5,5,8.5,6],"texture":"#0"},"up":{"uv":[7.5,8,6.5,7],"texture":"#0"}}},{"from":[7,11.25,7],"to":[9,14.25,9],"rotation":{"angle":0,"axis":"y","origin":[8,12.25,8]},"faces":{"north":{"uv":[1.5,1.5,2,2.25],"texture":"#0"},"east":{"uv":[0,1.5,0.5,2.25],"texture":"#0"},"south":{"uv":[0.5,1.5,1,2.25],"texture":"#0"},"west":{"uv":[1,1.5,1.5,2.25],"texture":"#0"},"up":{"uv":[2.5,2,2,1.5],"texture":"#0"},"down":{"uv":[3,1.5,2.5,2],"texture":"#0"}}},{"from":[6,13.25,6],"to":[10,15.25,10],"rotation":{"angle":0,"axis":"y","origin":[8,11.25,8]},"faces":{"north":{"uv":[7.5,3,8.5,3.5],"texture":"#0"},"east":{"uv":[7.5,3.5,8.5,4],"texture":"#0"},"south":{"uv":[7.5,4.5,8.5,5],"texture":"#0"},"west":{"uv":[7.5,4,8.5,4.5],"texture":"#0"},"up":{"uv":[7.5,4,6.5,3],"texture":"#0"},"down":{"uv":[7.5,4,6.5,5],"texture":"#0"}}},{"from":[9.25,-0.5,6],"to":[14.75,5,10],"rotation":{"angle":45,"axis":"z","origin":[8,-1.75,8]},"faces":{"north":{"uv":[0,0,1.5,1.5],"texture":"#0","tintindex":0},"east":{"uv":[4,0,5,1.5],"texture":"#0","tintindex":0},"south":{"uv":[1.5,0,3,1.5],"texture":"#0","tintindex":0},"west":{"uv":[3,0,4,1.5],"texture":"#0","tintindex":0},"up":{"uv":[6.5,2,5,1],"texture":"#0","tintindex":0},"down":{"uv":[6.5,0,5,1],"texture":"#0","tintindex":0}}},{"name":"bg_color","from":[9.25,-0.6,5.9],"to":[14.95,5.1,10.1],"rotation":{"angle":45,"axis":"z","origin":[8,-1.85,7.9]},"faces":{"north":{"uv":[0,0,6,6],"texture":"#1","tintindex":0},"east":{"uv":[6,0,10,6],"texture":"#1","tintindex":0},"south":{"uv":[0,6,6,12],"texture":"#1","tintindex":0},"west":{"uv":[6,6,10,12],"texture":"#1","tintindex":0},"up":{"uv":[16,4,10,0],"texture":"#1","tintindex":0},"down":{"uv":[16,4,10,8],"texture":"#1","tintindex":0}}},{"from":[5.91084,0,4.49],"to":[10.08916,7.96387,11.51],"rotation":{"angle":0,"axis":"y","origin":[8,0,3.28067]},"faces":{"north":{"uv":[4,6.25,5,8.25],"texture":"#0"},"south":{"uv":[4,6.25,5,8.25],"texture":"#0"},"down":{"uv":[5,6.25,6,8],"texture":"#0"}}},{"from":[6.7,1.3,5.975],"to":[9.3,6.5,10.025],"rotation":{"angle":0,"axis":"y","origin":[6.5,1.4,6]},"faces":{"north":{"uv":[6.5,0,7.25,1.25],"texture":"#0","tintindex":0},"south":{"uv":[6.5,0,7.25,1.25],"texture":"#0","tintindex":0},"up":{"uv":[7.25,0,7.75,1],"texture":"#0","tintindex":0},"down":{"uv":[7.75,0,8.25,1],"texture":"#0","tintindex":0}}},{"from":[5.5,8.75,5.5],"to":[10.5,11.75,10.5],"rotation":{"angle":0,"axis":"y","origin":[5.5,9.75,5.5]},"faces":{"north":{"uv":[3.75,9.5,5,10.25],"texture":"#0"},"east":{"uv":[3.75,9.5,5,10.25],"texture":"#0"},"south":{"uv":[3.75,9.5,5,10.25],"texture":"#0"},"west":{"uv":[3.75,9.5,5,10.25],"texture":"#0"},"up":{"uv":[3.75,8.25,5,9.5],"texture":"#0"}}},{"from":[8.08849,-2.11866,4.4605],"to":[15.76346,5.55632,11.5395],"rotation":{"angle":45,"axis":"z","origin":[8,-2.20715,8]},"faces":{"north":{"uv":[2,6.25,4,8.25],"texture":"#0"},"east":{"uv":[2,10.25,3.75,12.25],"texture":"#0"},"south":{"uv":[0,6.25,2,8.25],"texture":"#0"},"west":{"uv":[2,8.25,3.75,10.25],"texture":"#0"},"up":{"uv":[2,10,0,11.75],"texture":"#0"},"down":{"uv":[2,8.25,0,10],"texture":"#0"}}},{"from":[5.975,0.5,5.025],"to":[10.025,7.25,10.975],"rotation":{"angle":0,"axis":"y","origin":[8,0.5,4]},"faces":{"north":{"uv":[6.5,1.25,7.5,3],"texture":"#0"},"south":{"uv":[6.5,1.25,7.5,3],"texture":"#0"},"up":{"uv":[7.5,1.25,8.5,2.75],"texture":"#0"},"down":{"uv":[8.5,1.25,9.5,2.75],"texture":"#0"}}},{"from":[8,14,6.5],"to":[11,17,9.5],"rotation":{"angle":45,"axis":"z","origin":[8,14,7.5]},"faces":{"north":{"uv":[8.5,3,9.25,3.75],"texture":"#0"},"east":{"uv":[9.25,3,10,3.75],"texture":"#0"},"south":{"uv":[8.5,4.5,9.25,5.25],"texture":"#0"},"west":{"uv":[8.5,3.75,9.25,4.5],"texture":"#0"},"up":{"uv":[9.25,3.75,10,4.5],"texture":"#0"},"down":{"uv":[9.25,4.5,10,5.25],"texture":"#0"}}}],"gui_light":"front","display":{"thirdperson_righthand":{"rotation":[57,0,0],"translation":[0,0.75,0.25],"scale":[0.4,0.4,0.4]},"thirdperson_lefthand":{"rotation":[57,0,0],"translation":[0,0.75,0.25],"scale":[0.4,0.4,0.4]},"firstperson_righthand":{"rotation":[15,0,0],"translation":[1.5,4,0.5],"scale":[0.4,0.4,0.4]},"firstperson_lefthand":{"rotation":[15,0,0],"translation":[1.5,4,0.5],"scale":[0.4,0.4,0.4]},"ground":{"translation":[0,2.25,0],"scale":[0.4,0.4,0.4]},"gui":{"rotation":[30,-45,0],"translation":[0,0.5,0],"scale":[0.9,0.9,0.9]},"head":{"scale":[0.1,0.1,0.1]},"fixed":{"rotation":[-90,-180,0],"translation":[0,0,-8]}},"mcmodels":"2d796f0bc8392c051c42df1fe7ca885a"}