{"credit":"Erocavontic","texture_size":[32,32],"textures":{"0":"potion_3d:potion_a","1":"potion_3d:empty","particle":"potion_3d:empty"},"elements":[{"from":[3,1,12],"to":[13,8,13],"rotation":{"angle":0,"axis":"y","origin":[-6,0,12]},"faces":{"east":{"uv":[5.5,9.25,5.75,11],"texture":"#0"},"south":{"uv":[0,5.5,2.5,7.25],"texture":"#0"},"west":{"uv":[6,9.25,6.25,11],"texture":"#0"}}},{"from":[3,8,3],"to":[13,9,13],"rotation":{"angle":0,"axis":"y","origin":[8,8.5,8]},"faces":{"north":{"uv":[9,2.5,11.5,2.75],"texture":"#0"},"east":{"uv":[9,3,11.5,3.25],"texture":"#0"},"south":{"uv":[9,3.5,11.5,3.75],"texture":"#0"},"west":{"uv":[9,4,11.5,4.25],"texture":"#0"},"up":{"uv":[2.5,2.5,0,0],"texture":"#0"},"down":{"uv":[2.5,2.75,0,5.25],"texture":"#0"}}},{"from":[6,9,6],"to":[10,13,10],"rotation":{"angle":0,"axis":"y","origin":[8,9.5,8]},"faces":{"north":{"uv":[7.75,1.75,8.75,2.75],"texture":"#0"},"east":{"uv":[7.75,3,8.75,4],"texture":"#0"},"south":{"uv":[7.75,4.25,8.75,5.25],"texture":"#0"},"west":{"uv":[4,8,5,9],"texture":"#0"},"up":{"uv":[6.25,9,5.25,8],"texture":"#0"},"down":{"uv":[7.5,8,6.5,9],"texture":"#0"}}},{"from":[5,10,5],"to":[11,12,11],"rotation":{"angle":0,"axis":"y","origin":[8,10.5,8]},"faces":{"north":{"uv":[7.75,5.5,9.25,6],"texture":"#0"},"east":{"uv":[7.75,8,9.25,8.5],"texture":"#0"},"south":{"uv":[7.75,8.75,9.25,9.25],"texture":"#0"},"west":{"uv":[9,1.75,10.5,2.25],"texture":"#0"},"up":{"uv":[3.75,9,2.25,7.5],"texture":"#0"},"down":{"uv":[9.25,0,7.75,1.5],"texture":"#0"}}},{"from":[3,0,3],"to":[13,1,13],"rotation":{"angle":0,"axis":"y","origin":[8,0.5,8]},"faces":{"north":{"uv":[9,4.5,11.5,4.75],"texture":"#0"},"east":{"uv":[9,5,11.5,5.25],"texture":"#0"},"south":{"uv":[0,9.25,2.5,9.5],"texture":"#0"},"west":{"uv":[2.75,9.25,5.25,9.5],"texture":"#0"},"up":{"uv":[5.25,2.5,2.75,0],"texture":"#0"},"down":{"uv":[5.25,2.75,2.75,5.25],"texture":"#0"}}},{"from":[12,1,4],"to":[13,8,12],"rotation":{"angle":0,"axis":"y","origin":[-6,0,11]},"faces":{"east":{"uv":[2.75,5.5,4.75,7.25],"texture":"#0"}}},{"from":[4,1,4],"to":[12,7,12],"rotation":{"angle":0,"axis":"y","origin":[8,0.5,7]},"faces":{"north":{"uv":[5.5,4.5,7.5,6],"texture":"#0","tintindex":0},"east":{"uv":[5,6.25,7,7.75],"texture":"#0","tintindex":0},"south":{"uv":[7.25,6.25,9.25,7.75],"texture":"#0","tintindex":0},"west":{"uv":[0,7.5,2,9],"texture":"#0","tintindex":0},"up":{"uv":[7.5,2,5.5,0],"texture":"#0","tintindex":0},"down":{"uv":[7.5,2.25,5.5,4.25],"texture":"#0","tintindex":0}}},{"name":"bg_color","from":[3.9,0.9,3.9],"to":[12.1,7.1,12.1],"rotation":{"angle":0,"axis":"y","origin":[7.9,0.4,6.9]},"faces":{"north":{"uv":[4,0,8,3],"texture":"#1","tintindex":0},"east":{"uv":[4,3,8,6],"texture":"#1","tintindex":0},"south":{"uv":[4,6,8,9],"texture":"#1","tintindex":0},"west":{"uv":[0,8,4,11],"texture":"#1","tintindex":0},"up":{"uv":[4,4,0,0],"texture":"#1","tintindex":0},"down":{"uv":[4,4,0,8],"texture":"#1","tintindex":0}}},{"from":[3,1,4],"to":[4,8,12],"rotation":{"angle":0,"axis":"y","origin":[22,0,11]},"faces":{"west":{"uv":[2.75,5.5,4.75,7.25],"texture":"#0"}}},{"from":[3,1,3],"to":[13,8,4],"rotation":{"angle":0,"axis":"y","origin":[-6,0,4]},"faces":{"north":{"uv":[0,5.5,2.5,7.25],"texture":"#0"},"east":{"uv":[5.75,9.25,5.5,11],"texture":"#0"},"west":{"uv":[6.25,9.25,6,11],"texture":"#0"}}}],"gui_light":"front","display":{"thirdperson_righthand":{"rotation":[30,0,0],"translation":[0,2,0.25],"scale":[0.4,0.4,0.4]},"thirdperson_lefthand":{"rotation":[30,0,0],"translation":[0,2,0.25],"scale":[0.4,0.4,0.4]},"firstperson_righthand":{"rotation":[15,0,0],"translation":[1.5,4,0.5],"scale":[0.4,0.4,0.4]},"firstperson_lefthand":{"rotation":[15,0,0],"translation":[1.5,4,0.5],"scale":[0.4,0.4,0.4]},"ground":{"translation":[0,1.75,0],"scale":[0.4,0.4,0.4]},"gui":{"rotation":[30,-45,0],"translation":[0,2.5,0],"scale":[0.9,0.9,0.9]},"head":{"scale":[0.1,0.1,0.1]},"fixed":{"rotation":[-90,-180,0],"translation":[0,0,-8]}},"mcmodels":"2d796f0bc8392c051c42df1fe7ca885a"}