{"credit":"Erocavontic","texture_size":[32,32],"textures":{"0":"potion_3d:potion_e","1":"potion_3d:empty","particle":"potion_3d:potion_e"},"elements":[{"from":[4,0,4],"to":[12,8,12],"rotation":{"angle":0,"axis":"y","origin":[8,1,8]},"faces":{"north":{"uv":[0,4,2.66667,6.66667],"texture":"#0"},"east":{"uv":[2.66667,4,5.33333,6.66667],"texture":"#0"},"south":{"uv":[5.33333,4,8,6.66667],"texture":"#0"},"west":{"uv":[0,6.66667,2.66667,9.33333],"texture":"#0"},"up":{"uv":[9.33333,2.66667,6.66667,0],"texture":"#0"},"down":{"uv":[5.33333,6.66667,2.66667,9.33333],"texture":"#0"}}},{"from":[3.5,1.62132,3.5],"to":[12.5,5.62132,12.5],"rotation":{"angle":0,"axis":"y","origin":[8,3.62132,8]},"faces":{"north":{"uv":[6.66667,2.66667,9.66667,4],"texture":"#0"},"east":{"uv":[5.33333,6.66667,8.33333,8],"texture":"#0"},"south":{"uv":[8,4,11,5.33333],"texture":"#0"},"west":{"uv":[5.33333,8,8.33333,9.33333],"texture":"#0"}}},{"from":[5,8,5],"to":[11,12,11],"rotation":{"angle":0,"axis":"y","origin":[8,9,8]},"faces":{"north":{"uv":[9.66667,2,11.66667,3.33333],"texture":"#0"},"east":{"uv":[10,9.33333,12,10.66667],"texture":"#0"},"south":{"uv":[10.33333,5.33333,12.33333,6.66667],"texture":"#0"},"west":{"uv":[10.33333,6.66667,12.33333,8],"texture":"#0"},"up":{"uv":[10.33333,7.33333,8.33333,5.33333],"texture":"#0"},"down":{"uv":[10.33333,7.33333,8.33333,9.33333],"texture":"#0"}}},{"from":[7,12,7],"to":[9,17,9],"rotation":{"angle":0,"axis":"y","origin":[8,13,8]},"faces":{"north":{"uv":[11.33333,0,12,1.66667],"texture":"#0"},"east":{"uv":[1.33333,11.33333,2,13],"texture":"#0"},"south":{"uv":[2,11.33333,2.66667,13],"texture":"#0"},"west":{"uv":[2.66667,11.33333,3.33333,13],"texture":"#0"},"up":{"uv":[6.66667,12,6,11.33333],"texture":"#0"},"down":{"uv":[7.33333,11.33333,6.66667,12],"texture":"#0"}}},{"from":[-2,7,8],"to":[18,19,8],"rotation":{"angle":0,"axis":"y","origin":[8,13,8]},"faces":{"north":{"uv":[0,0,6.66667,4],"texture":"#0"},"east":{"uv":[0,0,0,4],"texture":"#0"},"south":{"uv":[0,0,6.66667,4],"texture":"#0"},"west":{"uv":[0,0,0,4],"texture":"#0"},"up":{"uv":[6.66667,0,0,0],"texture":"#0"},"down":{"uv":[6.66667,0,0,0],"texture":"#0"}}},{"from":[6,14,6],"to":[10,16,10],"rotation":{"angle":0,"axis":"y","origin":[8,12,8]},"faces":{"north":{"uv":[9.66667,3.33333,11,4],"texture":"#0"},"east":{"uv":[11,4.66667,12.33333,5.33333],"texture":"#0"},"south":{"uv":[3.33333,11.33333,4.66667,12],"texture":"#0"},"west":{"uv":[4.66667,11.33333,6,12],"texture":"#0"},"up":{"uv":[11.66667,9.33333,10.33333,8],"texture":"#0"},"down":{"uv":[11.33333,10.66667,10,12],"texture":"#0"}}},{"from":[5,1,5],"to":[11,7,11],"rotation":{"angle":0,"axis":"y","origin":[5,-1,5]},"faces":{"north":{"uv":[0,9.33333,2,11.33333],"texture":"#0","tintindex":0},"east":{"uv":[9.33333,0,11.33333,2],"texture":"#0","tintindex":0},"south":{"uv":[2,9.33333,4,11.33333],"texture":"#0","tintindex":0},"west":{"uv":[4,9.33333,6,11.33333],"texture":"#0","tintindex":0},"up":{"uv":[8,11.33333,6,9.33333],"texture":"#0","tintindex":0},"down":{"uv":[10,9.33333,8,11.33333],"texture":"#0","tintindex":0}}},{"from":[6,7,6],"to":[10,10,10],"rotation":{"angle":0,"axis":"y","origin":[5,5,5]},"faces":{"north":{"uv":[0,11.33333,1.33333,12.33333],"texture":"#0","tintindex":0},"east":{"uv":[0,11.33333,1.33333,12.33333],"texture":"#0","tintindex":0},"south":{"uv":[0,11.33333,1.33333,12.33333],"texture":"#0","tintindex":0},"west":{"uv":[0,11.33333,1.33333,12.33333],"texture":"#0","tintindex":0},"up":{"uv":[12.33333,4.66667,11,3.33333],"texture":"#0","tintindex":0},"down":{"uv":[10,9.33333,8,11.33333],"texture":"#0","tintindex":0}}},{"from":[5.9,7.1,5.9],"to":[10.1,10.3,10.1],"rotation":{"angle":0,"axis":"y","origin":[4.9,5.1,4.9]},"faces":{"north":{"uv":[3,6,5,7.5],"texture":"#1","tintindex":0},"east":{"uv":[3,6,5,7.5],"texture":"#1","tintindex":0},"south":{"uv":[3,6,5,7.5],"texture":"#1","tintindex":0},"west":{"uv":[3,6,5,7.5],"texture":"#1","tintindex":0},"up":{"uv":[8,2,6,0],"texture":"#1","tintindex":0},"down":{"uv":[8,2,6,4],"texture":"#1","tintindex":0}}},{"from":[4.9,0.9,4.9],"to":[11.1,7.1,11.1],"rotation":{"angle":0,"axis":"y","origin":[4.9,-1.1,4.9]},"faces":{"north":{"uv":[0,0,3,3],"texture":"#1","tintindex":0},"east":{"uv":[0,3,3,6],"texture":"#1","tintindex":0},"south":{"uv":[3,0,6,3],"texture":"#1","tintindex":0},"west":{"uv":[3,3,6,6],"texture":"#1","tintindex":0},"up":{"uv":[3,9,0,6],"texture":"#1","tintindex":0},"down":{"uv":[8,2,6,4],"texture":"#1","tintindex":0}}}],"gui_light":"front","display":{"thirdperson_righthand":{"rotation":[30,0,0],"translation":[0,2,0.25],"scale":[0.4,0.4,0.4]},"thirdperson_lefthand":{"rotation":[30,0,0],"translation":[0,2,0.25],"scale":[0.4,0.4,0.4]},"firstperson_righthand":{"rotation":[15,0,0],"translation":[1.5,4,0.5],"scale":[0.4,0.4,0.4]},"firstperson_lefthand":{"rotation":[15,0,0],"translation":[1.5,4,0.5],"scale":[0.4,0.4,0.4]},"ground":{"translation":[0,1.75,0],"scale":[0.4,0.4,0.4]},"gui":{"rotation":[30,145,0],"translation":[0,0.5,0],"scale":[0.9,0.9,0.9]},"head":{"scale":[0.1,0.1,0.1]},"fixed":{"rotation":[-90,-180,0],"translation":[0,0,-8]}},"groups":[0,1,2,3,4,5,6,7,{"name":"bg_color","origin":[5,-1,5],"color":0,"boneType":"","children":[8,9]}],"mcmodels":"2d796f0bc8392c051c42df1fe7ca885a"}