{"credit":"Erocavontic","texture_size":[32,32],"textures":{"0":"potion_3d:potion_h","1":"potion_3d:empty","particle":"potion_3d:potion_h"},"elements":[{"from":[4,2,4],"to":[12,9,12],"rotation":{"angle":0,"axis":"y","origin":[8,2,8]},"faces":{"north":{"uv":[0,3,2,4.75],"texture":"#0"},"east":{"uv":[2,3,4,4.75],"texture":"#0"},"south":{"uv":[4,3,6,4.75],"texture":"#0"},"west":{"uv":[4,4.75,6,6.5],"texture":"#0"},"up":{"uv":[2,6.75,0,4.75],"texture":"#0"},"down":{"uv":[4,4.75,2,6.75],"texture":"#0"}}},{"from":[5,9,5],"to":[11,11,11],"rotation":{"angle":0,"axis":"y","origin":[8,10,8]},"faces":{"north":{"uv":[4.5,7.25,6,7.75],"texture":"#0"},"east":{"uv":[4.5,6.75,6,7.25],"texture":"#0"},"south":{"uv":[3,6.75,4.5,7.25],"texture":"#0"},"west":{"uv":[3,7.25,4.5,7.75],"texture":"#0"},"up":{"uv":[1.5,8.25,0,6.75],"texture":"#0"},"down":{"uv":[3,6.75,1.5,8.25],"texture":"#0"}}},{"from":[7,12,7],"to":[9,18,9],"rotation":{"angle":0,"axis":"y","origin":[8,13,8]},"faces":{"north":{"uv":[6,1,6.5,2.5],"texture":"#0"},"east":{"uv":[4.5,1,5,2.5],"texture":"#0"},"south":{"uv":[5,1,5.5,2.5],"texture":"#0"},"west":{"uv":[5.5,1,6,2.5],"texture":"#0"},"up":{"uv":[5,3,4.5,2.5],"texture":"#0"},"down":{"uv":[5.5,2.5,5,3],"texture":"#0"}}},{"from":[6,15,6],"to":[10,17,10],"rotation":{"angle":0,"axis":"y","origin":[8,13,8]},"faces":{"north":{"uv":[6.5,1,7.5,1.5],"texture":"#0"},"east":{"uv":[6.5,1.5,7.5,2],"texture":"#0"},"south":{"uv":[6.5,2.5,7.5,3],"texture":"#0"},"west":{"uv":[6.5,2,7.5,2.5],"texture":"#0"},"up":{"uv":[8.5,2,7.5,1],"texture":"#0"},"down":{"uv":[8.5,2,7.5,3],"texture":"#0"}}},{"from":[5,3,5],"to":[11,8,11],"rotation":{"angle":0,"axis":"y","origin":[5,0,5]},"faces":{"north":{"uv":[0,0,1.5,1.5],"texture":"#0","tintindex":0},"east":{"uv":[0,1.5,1.5,3],"texture":"#0","tintindex":0},"south":{"uv":[1.5,0,3,1.5],"texture":"#0","tintindex":0},"west":{"uv":[3,0,4.5,1.5],"texture":"#0","tintindex":0},"up":{"uv":[3,3,1.5,1.5],"texture":"#0","tintindex":0},"down":{"uv":[4.5,1.5,3,3],"texture":"#0","tintindex":0}}},{"from":[6,8,6],"to":[10,10,10],"rotation":{"angle":0,"axis":"y","origin":[5,6,5]},"faces":{"north":{"uv":[4.5,0,5.5,0.75],"texture":"#0","tintindex":0},"east":{"uv":[4.5,0,5.5,0.75],"texture":"#0","tintindex":0},"south":{"uv":[4.5,0,5.5,0.75],"texture":"#0","tintindex":0},"west":{"uv":[4.5,0,5.5,0.75],"texture":"#0","tintindex":0},"up":{"uv":[6.5,1,5.5,0],"texture":"#0","tintindex":0},"down":{"uv":[3,1.5,1.5,3],"texture":"#0","tintindex":0}}},{"from":[5.9,8,5.9],"to":[10.1,10.2,10.1],"rotation":{"angle":0,"axis":"y","origin":[4.9,6,4.9]},"faces":{"north":{"uv":[6,4,8,5],"texture":"#1","tintindex":0},"east":{"uv":[6,4,8,5],"texture":"#1","tintindex":0},"south":{"uv":[6,4,8,5],"texture":"#1","tintindex":0},"west":{"uv":[6,4,8,5],"texture":"#1","tintindex":0},"up":{"uv":[8,2,6,0],"texture":"#1","tintindex":0},"down":{"uv":[8,2,6,4],"texture":"#1","tintindex":0}}},{"from":[4.9,2.9,4.9],"to":[11.1,8.1,11.1],"rotation":{"angle":0,"axis":"y","origin":[4.9,-0.1,4.9]},"faces":{"north":{"uv":[3,0,6,2.5],"texture":"#1","tintindex":0},"east":{"uv":[3,2.5,6,5],"texture":"#1","tintindex":0},"south":{"uv":[3,5,6,7.5],"texture":"#1","tintindex":0},"west":{"uv":[0,6,3,8.5],"texture":"#1","tintindex":0},"up":{"uv":[3,3,0,0],"texture":"#1","tintindex":0},"down":{"uv":[3,3,0,6],"texture":"#1","tintindex":0}}},{"from":[6,1,6],"to":[10,2,10],"rotation":{"angle":0,"axis":"y","origin":[8,0,6]},"faces":{"north":{"uv":[7.5,4,8.5,4.25],"texture":"#0"},"east":{"uv":[7.5,4,8.5,4.25],"texture":"#0"},"south":{"uv":[7.5,4,8.5,4.25],"texture":"#0"},"west":{"uv":[7.5,4,8.5,4.25],"texture":"#0"},"up":{"uv":[7.5,3,8.5,4],"texture":"#0"}}},{"from":[5,0,5],"to":[11,1,11],"rotation":{"angle":0,"axis":"y","origin":[8,-1,6]},"faces":{"north":{"uv":[6,4.5,7.5,4.75],"texture":"#0"},"east":{"uv":[6,4.5,7.5,4.75],"texture":"#0"},"south":{"uv":[6,4.5,7.5,4.75],"texture":"#0"},"west":{"uv":[6,4.5,7.5,4.75],"texture":"#0"},"up":{"uv":[6,3,7.5,4.5],"texture":"#0"},"down":{"uv":[6,3,7.5,4.5],"texture":"#0"}}},{"from":[6,11,6],"to":[10,12,10],"rotation":{"angle":0,"axis":"y","origin":[8,9,8]},"faces":{"north":{"uv":[6.5,0,7.5,0.25],"texture":"#0"},"east":{"uv":[6.5,0.25,7.5,0.5],"texture":"#0"},"south":{"uv":[6.5,0.5,7.5,0.75],"texture":"#0"},"west":{"uv":[6.5,0.75,7.5,1],"texture":"#0"},"up":{"uv":[8.5,1,7.5,0],"texture":"#0"},"down":{"uv":[8.5,1,7.5,0],"texture":"#0"}}},{"from":[1,2,8],"to":[4,10,8],"rotation":{"angle":0,"axis":"y","origin":[4,2,8]},"faces":{"north":{"uv":[6,4.75,6.75,6.75],"texture":"#0"},"south":{"uv":[6.75,4.75,6,6.75],"texture":"#0"}}},{"from":[12,2,8],"to":[15,10,8],"rotation":{"angle":0,"axis":"y","origin":[12,2,8]},"faces":{"north":{"uv":[6.75,4.75,6,6.75],"texture":"#0"},"south":{"uv":[6,4.75,6.75,6.75],"texture":"#0"}}}],"gui_light":"front","display":{"thirdperson_righthand":{"rotation":[30,0,0],"translation":[0,2,0.25],"scale":[0.4,0.4,0.4]},"thirdperson_lefthand":{"rotation":[30,0,0],"translation":[0,2,0.25],"scale":[0.4,0.4,0.4]},"firstperson_righthand":{"rotation":[15,0,0],"translation":[1.5,4,0.5],"scale":[0.4,0.4,0.4]},"firstperson_lefthand":{"rotation":[15,0,0],"translation":[1.5,4,0.5],"scale":[0.4,0.4,0.4]},"ground":{"translation":[0,1.75,0],"scale":[0.4,0.4,0.4]},"gui":{"rotation":[30,-45,0],"translation":[0,0.5,0],"scale":[0.9,0.9,0.9]},"head":{"scale":[0.1,0.1,0.1]},"fixed":{"rotation":[-90,-180,0],"translation":[0,0,-8]}},"groups":[0,1,2,3,4,5,{"name":"bg_color","origin":[5,0,5],"color":0,"boneType":"","children":[6,7]},8,9,10,11,12],"mcmodels":"2d796f0bc8392c051c42df1fe7ca885a"}