{"credit":"Erocavontic","texture_size":[32,32],"textures":{"0":"potion_3d:potion_i","1":"potion_3d:empty","particle":"potion_3d:potion_i"},"elements":[{"from":[4,1,4],"to":[12,8,12],"rotation":{"angle":0,"axis":"y","origin":[8,1,8]},"faces":{"north":{"uv":[0,3,2,4.75],"texture":"#0"},"east":{"uv":[2,3,4,4.75],"texture":"#0"},"south":{"uv":[4,3,6,4.75],"texture":"#0"},"west":{"uv":[4,4.75,6,6.5],"texture":"#0"},"up":{"uv":[2,6.75,0,4.75],"texture":"#0"},"down":{"uv":[4,4.75,2,6.75],"texture":"#0"}}},{"from":[5,8,5],"to":[11,10,11],"rotation":{"angle":0,"axis":"y","origin":[8,9,8]},"faces":{"north":{"uv":[4.5,7.25,6,7.75],"texture":"#0"},"east":{"uv":[4.5,6.75,6,7.25],"texture":"#0"},"south":{"uv":[3,6.75,4.5,7.25],"texture":"#0"},"west":{"uv":[3,7.25,4.5,7.75],"texture":"#0"},"up":{"uv":[1.5,8.25,0,6.75],"texture":"#0"},"down":{"uv":[3,6.75,1.5,8.25],"texture":"#0"}}},{"from":[6,9.5,6],"to":[10,11.5,10],"rotation":{"angle":0,"axis":"y","origin":[8,7.5,8]},"faces":{"north":{"uv":[6.5,1,7.5,1.5],"texture":"#0"},"east":{"uv":[6.5,1.5,7.5,2],"texture":"#0"},"south":{"uv":[6.5,2.5,7.5,3],"texture":"#0"},"west":{"uv":[6.5,2,7.5,2.5],"texture":"#0"},"up":{"uv":[8.5,2,7.5,1],"texture":"#0"},"down":{"uv":[8.5,2,7.5,3],"texture":"#0"}}},{"from":[5,2,5],"to":[11,7,11],"rotation":{"angle":0,"axis":"y","origin":[5,-1,5]},"faces":{"north":{"uv":[0,0,1.5,1.5],"texture":"#0","tintindex":0},"east":{"uv":[0,1.5,1.5,3],"texture":"#0","tintindex":0},"south":{"uv":[1.5,0,3,1.5],"texture":"#0","tintindex":0},"west":{"uv":[3,0,4.5,1.5],"texture":"#0","tintindex":0},"up":{"uv":[3,3,1.5,1.5],"texture":"#0","tintindex":0},"down":{"uv":[4.5,1.5,3,3],"texture":"#0","tintindex":0}}},{"from":[5.9,7,5.9],"to":[10.1,9.2,10.1],"rotation":{"angle":0,"axis":"y","origin":[4.9,5,4.9]},"faces":{"north":{"uv":[6,4,8,5],"texture":"#1","tintindex":0},"east":{"uv":[6,5,8,6],"texture":"#1","tintindex":0},"south":{"uv":[6,6,8,7],"texture":"#1","tintindex":0},"west":{"uv":[6,7,8,8],"texture":"#1","tintindex":0},"up":{"uv":[8,2,6,0],"texture":"#1","tintindex":0},"down":{"uv":[8,2,6,4],"texture":"#1","tintindex":0}}},{"from":[4.9,1.9,4.9],"to":[11.1,7.1,11.1],"rotation":{"angle":0,"axis":"y","origin":[4.9,-1.1,4.9]},"faces":{"north":{"uv":[3,0,6,2.5],"texture":"#1","tintindex":0},"east":{"uv":[3,2.5,6,5],"texture":"#1","tintindex":0},"south":{"uv":[3,5,6,7.5],"texture":"#1","tintindex":0},"west":{"uv":[0,6,3,8.5],"texture":"#1","tintindex":0},"up":{"uv":[3,3,0,0],"texture":"#1","tintindex":0},"down":{"uv":[3,3,0,6],"texture":"#1","tintindex":0}}},{"from":[6,7,6],"to":[10,9,10],"rotation":{"angle":0,"axis":"y","origin":[5,5,5]},"faces":{"north":{"uv":[4.5,0,5.5,0.75],"texture":"#0","tintindex":0},"east":{"uv":[4.5,0,5.5,0.75],"texture":"#0","tintindex":0},"south":{"uv":[4.5,0,5.5,0.75],"texture":"#0","tintindex":0},"west":{"uv":[4.5,0,5.5,0.75],"texture":"#0","tintindex":0},"up":{"uv":[6.5,1,5.5,0],"texture":"#0","tintindex":0},"down":{"uv":[3,1.5,1.5,3],"texture":"#0","tintindex":0}}},{"from":[5,0,5],"to":[11,1,11],"rotation":{"angle":0,"axis":"y","origin":[8,-1,6]},"faces":{"north":{"uv":[6,4.5,7.5,4.75],"texture":"#0"},"east":{"uv":[6,4.5,7.5,4.75],"texture":"#0"},"south":{"uv":[6,4.5,7.5,4.75],"texture":"#0"},"west":{"uv":[6,4.5,7.5,4.75],"texture":"#0"},"up":{"uv":[6,3,7.5,4.5],"texture":"#0"},"down":{"uv":[6,3,7.5,4.5],"texture":"#0"}}},{"from":[3.5,3.5,3.5],"to":[12.5,7.5,12.5],"rotation":{"angle":0,"axis":"y","origin":[3.5,5.5,4.5]},"faces":{"north":{"uv":[0,8.25,2.25,9.25],"texture":"#0"},"east":{"uv":[2.25,8.25,4.5,9.25],"texture":"#0"},"south":{"uv":[0,9.25,2.25,10.25],"texture":"#0"},"west":{"uv":[2.25,9.25,4.5,10.25],"texture":"#0"}}},{"from":[9.5,1.5,3.25],"to":[11.5,5.5,3.5],"rotation":{"angle":0,"axis":"y","origin":[9.5,3.5,1.75]},"faces":{"north":{"uv":[4.5,8.5,5,9.5],"texture":"#0"},"up":{"uv":[4.5,8.25,5,8.5],"texture":"#0"}}},{"from":[10.5,0.1,3],"to":[12.5,1.1,3.5],"rotation":{"angle":45,"axis":"z","origin":[10.5,0.1,3]},"faces":{"north":{"uv":[5,8.75,5.5,9],"texture":"#0"},"east":{"uv":[5.5,8.5,5.75,8.75],"texture":"#0"},"south":{"uv":[5,9,5.5,9.25],"texture":"#0"},"west":{"uv":[5.5,9,5.75,9.25],"texture":"#0"},"up":{"uv":[5,8.25,5.5,8.5],"texture":"#0"},"down":{"uv":[5.5,8.25,6,8.5],"texture":"#0"}}},{"from":[10.5,1.1,3],"to":[11.5,2.1,3.5],"rotation":{"angle":45,"axis":"z","origin":[10.5,0.1,3]},"faces":{"north":{"uv":[5,8.5,5.25,8.75],"texture":"#0"},"east":{"uv":[5.25,8.5,5.5,8.75],"texture":"#0"},"south":{"uv":[5.25,9,5.5,9.25],"texture":"#0"},"west":{"uv":[5.5,8.75,5.75,9],"texture":"#0"},"up":{"uv":[5.25,8.25,5.5,8.5],"texture":"#0"},"down":{"uv":[5.5,8.25,6,8.5],"texture":"#0"}}},{"from":[3,2.5,8],"to":[3.5,6.5,11],"rotation":{"angle":0,"axis":"y","origin":[1.5,4.5,8]},"faces":{"west":{"uv":[6,8.25,6.75,9.25],"texture":"#0"},"up":{"uv":[6.75,8.25,7,9],"texture":"#0"}}}],"gui_light":"front","display":{"thirdperson_righthand":{"rotation":[30,0,0],"translation":[0,2,0.25],"scale":[0.4,0.4,0.4]},"thirdperson_lefthand":{"rotation":[30,0,0],"translation":[0,2,0.25],"scale":[0.4,0.4,0.4]},"firstperson_righthand":{"rotation":[15,0,0],"translation":[1.5,4,0.5],"scale":[0.4,0.4,0.4]},"firstperson_lefthand":{"rotation":[15,0,0],"translation":[1.5,4,0.5],"scale":[0.4,0.4,0.4]},"ground":{"translation":[0,1.75,0],"scale":[0.4,0.4,0.4]},"gui":{"rotation":[30,145,0],"translation":[0,0.5,0],"scale":[0.9,0.9,0.9]},"head":{"scale":[0.1,0.1,0.1]},"fixed":{"rotation":[-90,-180,0],"translation":[0,0,-8]}},"groups":[0,1,2,3,{"name":"bg_color","origin":[5,0,5],"color":0,"boneType":"","children":[4,5]},6,7,8,9,10,11,12],"mcmodels":"2d796f0bc8392c051c42df1fe7ca885a"}