{
	"credit": "Made with Blockbench",
	"textures": {
		"0": "modelengine:entity/node_progress_bars",
		"particle": "modelengine:entity/node_progress_bars"
	},
	"elements": [
		{
			"from": [0, 6, 8],
			"to": [16, 9, 8],
			"rotation": {"angle": 0, "axis": "y", "origin": [8, 7.5, 8]},
			"faces": {
				"north": {"uv": [0.625, 8.25, 4.875, 9], "texture": "#0"},
				"east": {"uv": [0, 0, 0, 5], "texture": "#0"},
				"south": {"uv": [8.875, 7, 13.125, 7.75], "texture": "#0"},
				"west": {"uv": [0, 0, 0, 5], "texture": "#0"},
				"up": {"uv": [0, 0, 16, 0], "texture": "#0"},
				"down": {"uv": [0, 0, 16, 0], "texture": "#0"}
			}
		}
	],
	"display": {
		"head": {
			"scale": [1.5, 1.5, 1.5]
		}
	}
}