{
   "crop_hit":{
		 "sounds": [
			"littleroom_resourcenodepack:crop_hit_1",
			"littleroom_resourcenodepack:crop_hit_2",
			"littleroom_resourcenodepack:crop_hit_3"
		 ]
	},
   "wood_hit":{
		 "sounds": [
			"littleroom_resourcenodepack:wood_hit_1",
			"littleroom_resourcenodepack:wood_hit_2",
			"littleroom_resourcenodepack:wood_hit_3"
		 ]
	},
   "rock_hit":{
		 "sounds": [
			"littleroom_resourcenodepack:rock_hit_1",
			"littleroom_resourcenodepack:rock_hit_2",
			"littleroom_resourcenodepack:rock_hit_3"
		 ]
	},
   "crop_break":{
		 "sounds": [
			"littleroom_resourcenodepack:crop_break"
		 ]
	},
   "wood_break":{
		 "sounds": [
			"littleroom_resourcenodepack:wood_break"
		 ]
	},
   "rock_break":{
		 "sounds": [
			"littleroom_resourcenodepack:rock_break"
		 ]
	},
   "ancientdebris_hit":{
		 "sounds": [
			"littleroom_resourcenodepack:ancientdebris_hit_1"
		 ]
	},
   "amethyst_hit":{
		 "sounds": [
			"littleroom_resourcenodepack:amethyst_hit_1",
			"littleroom_resourcenodepack:amethyst_hit_2"
		 ]
	},
   "quartz_hit":{
		 "sounds": [
			"littleroom_resourcenodepack:quartz_hit_1",
			"littleroom_resourcenodepack:quartz_hit_2"
		 ]
	},
   "redstone_hit":{
		 "sounds": [
			"littleroom_resourcenodepack:redstone_hit"
		 ]
	}
}