{"credit":"Made with Blockbench by ShizuArt","textures":{"0":"shizuart_furnitures:market_booths/fisherman/market_booth_fisherman_dyeable","1":"shizuart_furnitures:market_booths/fisherman/market_booth_fisherman_dyeable2","particle":"shizuart_furnitures:market_booths/fisherman/market_booth_fisherman_dyeable"},"elements":[{"from":[-13.25,20.5,-9.5],"to":[29.25,22.5,25.5],"rotation":{"angle":0,"axis":"y","origin":[-0.5,0,4]},"faces":{"north":{"uv":[0,4.0625,5.3125,4.3125],"texture":"#0"},"east":{"uv":[5.625,4.5,5.375,8.875],"rotation":90,"texture":"#0"},"south":{"uv":[5.3125,4.0625,0,4.3125],"texture":"#0"},"west":{"uv":[5.625,4.5,5.375,8.875],"rotation":90,"texture":"#0"},"up":{"uv":[0,4.5,5.3125,8.875],"texture":"#0"},"down":{"uv":[0,4.5,5.3125,8.875],"texture":"#0"}}},{"from":[-10.25,22.5,-7.5],"to":[26.25,24.5,23.5],"rotation":{"angle":0,"axis":"y","origin":[2.5,-3.5,15]},"faces":{"north":{"uv":[0,10.9375,4.5625,11.1875],"texture":"#0"},"east":{"uv":[3.875,10.625,0,10.875],"texture":"#0"},"south":{"uv":[0,10.9375,4.5625,11.1875],"texture":"#0"},"west":{"uv":[3.875,10.625,0,10.875],"texture":"#0"},"up":{"uv":[5.6875,4.0625,10.25,7.9375],"texture":"#0"}}},{"from":[-10.25,22.5,-7.5],"to":[26.25,24.5,23.5],"rotation":{"angle":0,"axis":"y","origin":[2.5,-3.5,15]},"faces":{"north":{"uv":[0,10.9375,4.5625,11.1875],"texture":"#1","tintindex":0},"east":{"uv":[3.875,10.625,0,10.875],"texture":"#1","tintindex":0},"south":{"uv":[0,10.9375,4.5625,11.1875],"texture":"#1","tintindex":0},"west":{"uv":[3.875,10.625,0,10.875],"texture":"#1","tintindex":0},"up":{"uv":[5.6875,4.0625,10.25,7.9375],"texture":"#1","tintindex":0}}},{"from":[-13.25,16,-9.5],"to":[29.25,20.5,25.5],"rotation":{"angle":0,"axis":"y","origin":[6,17.5,36.75]},"faces":{"north":{"uv":[0,9.5625,5.0625,10.125],"texture":"#0"},"east":{"uv":[0,8.9375,4.375,9.5],"texture":"#0"},"south":{"uv":[0,9.5625,5.0625,10.125],"texture":"#0"},"west":{"uv":[0,8.9375,4.375,9.5],"texture":"#0"}}},{"from":[29.25,16,-9.5],"to":[-13.25,20.5,25.5],"rotation":{"angle":0,"axis":"y","origin":[9,17.5,36.75]},"faces":{"north":{"uv":[5.0625,9.5625,0,10.125],"texture":"#0"},"east":{"uv":[4.375,8.9375,0,9.5],"texture":"#0"},"south":{"uv":[5.0625,9.5625,0,10.125],"texture":"#0"},"west":{"uv":[4.375,8.9375,0,9.5],"texture":"#0"}}},{"from":[-13.25,16,-9.5],"to":[29.25,20.5,25.5],"rotation":{"angle":0,"axis":"y","origin":[6,17.5,36.75]},"faces":{"north":{"uv":[0,9.5625,5.0625,10.125],"texture":"#1","tintindex":0},"east":{"uv":[0,8.9375,4.375,9.5],"texture":"#1","tintindex":0},"south":{"uv":[0,9.5625,5.0625,10.125],"texture":"#1","tintindex":0},"west":{"uv":[0,8.9375,4.375,9.5],"texture":"#1","tintindex":0}}},{"from":[29.25,16,-9.5],"to":[-13.25,20.5,25.5],"rotation":{"angle":0,"axis":"y","origin":[9,17.5,36.75]},"faces":{"north":{"uv":[5.0625,9.5625,0,10.125],"texture":"#1","tintindex":0},"east":{"uv":[4.375,8.9375,0,9.5],"texture":"#1","tintindex":0},"south":{"uv":[5.0625,9.5625,0,10.125],"texture":"#1","tintindex":0},"west":{"uv":[4.375,8.9375,0,9.5],"texture":"#1","tintindex":0}}},{"from":[-9,-0.06055,-5],"to":[-6,24,-2],"rotation":{"angle":0,"axis":"y","origin":[8.75,0,12]},"faces":{"north":{"uv":[0.375,13,0,16],"texture":"#0"},"east":{"uv":[0.375,13,0,16],"texture":"#0"},"south":{"uv":[0.375,13,0,16],"texture":"#0"},"west":{"uv":[0.375,13,0,16],"texture":"#0"},"down":{"uv":[0,12.9375,0.375,12.5625],"texture":"#0"}}},{"from":[-8.99199,15.87653,-9.13909],"to":[-6.01739,21.37653,-6.13909],"rotation":{"angle":-45,"axis":"x","origin":[14.97285,21.37653,-7.88909]},"faces":{"north":{"uv":[1.25,15.3125,0.875,16],"texture":"#0"},"east":{"uv":[0.8125,14.5625,0.4375,15.25],"texture":"#0"},"south":{"uv":[0.8125,15.3125,0.4375,16],"texture":"#0"},"west":{"uv":[0.4375,14.5625,0.8125,15.25],"texture":"#0"}}},{"from":[-9.91624,13.92678,-5.00597],"to":[-6.91624,19.17678,-2.02941],"rotation":{"angle":45,"axis":"z","origin":[-12.91624,16.42678,-3.56066]},"faces":{"north":{"uv":[0.8125,14.5625,0.4375,15.25],"texture":"#0"},"east":{"uv":[0.8125,15.3125,0.4375,16],"texture":"#0"},"south":{"uv":[0.4375,14.5625,0.8125,15.25],"texture":"#0"},"west":{"uv":[1.25,15.3125,0.875,16],"texture":"#0"}}},{"from":[-9,-0.06055,18],"to":[-6,24,21],"rotation":{"angle":0,"axis":"y","origin":[8.75,0,4]},"faces":{"north":{"uv":[0,13,0.375,16],"texture":"#0"},"east":{"uv":[0,13,0.375,16],"texture":"#0"},"south":{"uv":[0,13,0.375,16],"texture":"#0"},"west":{"uv":[0,13,0.375,16],"texture":"#0"},"down":{"uv":[0,12.5625,0.375,12.9375],"texture":"#0"}}},{"from":[-8.99199,15.87653,22.13909],"to":[-6.01739,21.37653,25.13909],"rotation":{"angle":45,"axis":"x","origin":[14.97285,21.37653,23.88909]},"faces":{"north":{"uv":[0.4375,15.3125,0.8125,16],"texture":"#0"},"east":{"uv":[0.4375,14.5625,0.8125,15.25],"texture":"#0"},"south":{"uv":[0.875,15.3125,1.25,16],"texture":"#0"},"west":{"uv":[0.8125,14.5625,0.4375,15.25],"texture":"#0"}}},{"from":[-9.91624,13.92678,18.01769],"to":[-6.91624,19.17678,20.99425],"rotation":{"angle":45,"axis":"z","origin":[-12.91624,16.42678,19.56066]},"faces":{"north":{"uv":[0.8125,14.5625,0.4375,15.25],"texture":"#0"},"east":{"uv":[0.4375,15.3125,0.8125,16],"texture":"#0"},"south":{"uv":[0.4375,14.5625,0.8125,15.25],"texture":"#0"},"west":{"uv":[0.875,15.3125,1.25,16],"texture":"#0"}}},{"from":[22,-0.06055,-5],"to":[25,24,-2],"rotation":{"angle":0,"axis":"y","origin":[7.25,0,12]},"faces":{"north":{"uv":[0,13,0.375,16],"texture":"#0"},"east":{"uv":[0,13,0.375,16],"texture":"#0"},"south":{"uv":[0,13,0.375,16],"texture":"#0"},"west":{"uv":[0,13,0.375,16],"texture":"#0"},"down":{"uv":[0.375,12.9375,0,12.5625],"texture":"#0"}}},{"from":[22.02911,15.87653,-9.13909],"to":[25.00371,21.37653,-6.13909],"rotation":{"angle":-45,"axis":"x","origin":[1.02715,21.37653,-7.88909]},"faces":{"north":{"uv":[0.875,15.3125,1.25,16],"texture":"#0"},"east":{"uv":[0.8125,14.5625,0.4375,15.25],"texture":"#0"},"south":{"uv":[0.4375,15.3125,0.8125,16],"texture":"#0"},"west":{"uv":[0.4375,14.5625,0.8125,15.25],"texture":"#0"}}},{"from":[22.91624,13.67678,-4.98644],"to":[25.91624,19.17678,-2.00987],"rotation":{"angle":-45,"axis":"z","origin":[28.91624,16.42678,-3.56066]},"faces":{"north":{"uv":[0.4375,14.5625,0.8125,15.25],"texture":"#0"},"east":{"uv":[0.875,15.3125,1.25,16],"texture":"#0"},"south":{"uv":[0.8125,14.5625,0.4375,15.25],"texture":"#0"},"west":{"uv":[0.4375,15.3125,0.8125,16],"texture":"#0"}}},{"from":[22.91624,13.67678,18.01769],"to":[25.91624,19.17678,20.99425],"rotation":{"angle":-45,"axis":"z","origin":[28.91624,16.42678,19.56066]},"faces":{"north":{"uv":[0.4375,14.5625,0.8125,15.25],"texture":"#0"},"east":{"uv":[1.25,15.3125,0.875,16],"texture":"#0"},"south":{"uv":[0.8125,14.5625,0.4375,15.25],"texture":"#0"},"west":{"uv":[0.8125,15.3125,0.4375,16],"texture":"#0"}}},{"from":[22.0213,15.87653,22.13909],"to":[24.9959,21.37653,25.13909],"rotation":{"angle":45,"axis":"x","origin":[1.02715,21.37653,23.88909]},"faces":{"north":{"uv":[0.8125,15.3125,0.4375,16],"texture":"#0"},"east":{"uv":[0.4375,14.5625,0.8125,15.25],"texture":"#0"},"south":{"uv":[1.25,15.3125,0.875,16],"texture":"#0"},"west":{"uv":[0.8125,14.5625,0.4375,15.25],"texture":"#0"}}},{"from":[22,-0.06055,18],"to":[25,24,21],"rotation":{"angle":0,"axis":"y","origin":[7.25,0,4]},"faces":{"north":{"uv":[0.375,13,0,16],"texture":"#0"},"east":{"uv":[0.375,13,0,16],"texture":"#0"},"south":{"uv":[0.375,13,0,16],"texture":"#0"},"west":{"uv":[0.375,13,0,16],"texture":"#0"},"down":{"uv":[0.375,12.5625,0,12.9375],"texture":"#0"}}},{"from":[-8.5,0,-4.5],"to":[24.5,2,20.5],"rotation":{"angle":0,"axis":"y","origin":[-0.5,0,4]},"faces":{"north":{"uv":[8.375,8.5625,8.125,12.6875],"rotation":90,"texture":"#0"},"east":{"uv":[8.125,8.8125,11.25,8.5625],"texture":"#0"},"south":{"uv":[11,12.6875,11.25,8.5625],"rotation":90,"texture":"#0"},"west":{"uv":[8.125,12.4375,11.25,12.6875],"texture":"#0"},"up":{"uv":[15.25,12.6875,12.125,8.5625],"rotation":90,"texture":"#0"},"down":{"uv":[12.125,12.6875,15.25,8.5625],"rotation":90,"texture":"#0"}}},{"from":[24.04688,0,-4.03516],"to":[-8.05078,2,20.07422],"rotation":{"angle":0,"axis":"y","origin":[-0.5,0,4]},"faces":{"north":{"uv":[8.375,12.625,8.125,8.625],"rotation":90,"texture":"#0"},"east":{"uv":[8.1875,8.8125,11.1875,8.5625],"texture":"#0"},"south":{"uv":[11,8.625,11.25,12.625],"rotation":90,"texture":"#0"},"west":{"uv":[8.1875,12.4375,11.1875,12.6875],"texture":"#0"}}},{"from":[-6,8,-7],"to":[22,9,-3],"rotation":{"angle":0,"axis":"y","origin":[-0.5,0,4]},"faces":{"north":{"uv":[4.6875,12.1875,1.1875,12.25],"texture":"#0"},"east":{"uv":[1.1875,12.1875,1.25,12.6875],"rotation":90,"texture":"#0"},"south":{"uv":[1.1875,12.625,4.6875,12.6875],"texture":"#0"},"west":{"uv":[1.1875,12.6875,1.25,12.1875],"rotation":90,"texture":"#0"},"up":{"uv":[1.1875,12.1875,4.6875,12.6875],"texture":"#0"},"down":{"uv":[1.1875,12.6875,4.6875,12.1875],"texture":"#0"}}},{"from":[24.5,2,-4.5],"to":[-8.5,21,20.5],"rotation":{"angle":0,"axis":"y","origin":[26,0,0]},"faces":{"north":{"uv":[15.5,5.75,11.375,8.0625],"texture":"#1","tintindex":0},"east":{"uv":[10.3125,13.375,7.1875,15.6875],"texture":"#1","tintindex":0},"south":{"uv":[6.5,13.375,2.375,15.6875],"texture":"#1","tintindex":0},"west":{"uv":[10.3125,13.375,7.1875,15.6875],"texture":"#1","tintindex":0}}},{"from":[-8.5,2,-4.5],"to":[24.5,21,20.5],"faces":{"north":{"uv":[11.375,5.75,15.5,8.0625],"texture":"#1","tintindex":0},"east":{"uv":[7.1875,13.375,10.3125,15.6875],"texture":"#1","tintindex":0},"south":{"uv":[2.375,13.375,6.5,15.6875],"texture":"#1","tintindex":0},"west":{"uv":[7.1875,13.375,10.3125,15.6875],"texture":"#1","tintindex":0}}},{"from":[-0.25,24.5,2.5],"to":[16.25,25.5,13.5],"rotation":{"angle":0,"axis":"y","origin":[4,4,4]},"faces":{"north":{"uv":[5.125,10.875,7.1875,10.9375],"texture":"#0"},"east":{"uv":[7.125,9.5625,7.1875,10.9375],"rotation":90,"texture":"#0"},"south":{"uv":[5.125,9.5625,7.1875,9.625],"texture":"#0"},"west":{"uv":[5.125,9.5625,5.1875,10.9375],"rotation":90,"texture":"#0"},"up":{"uv":[5.125,9.5625,7.1875,10.9375],"texture":"#0"}}},{"from":[23.25,4,-7.5],"to":[23.75,20,-7.5],"rotation":{"angle":0,"axis":"y","origin":[23.5,12,-7.5]},"faces":{"north":{"uv":[6.1875,1.0625,6.25,3.0625],"texture":"#0"},"south":{"uv":[6.1875,1.0625,6.25,3.0625],"texture":"#0"}}},{"from":[22.98195,2.59683,-8.41871],"to":[23.98195,7.09683,-6.41871],"rotation":{"angle":0,"axis":"y","origin":[17.40187,7.97183,-7.41871]},"faces":{"north":{"uv":[8.125,1.4375,8.6875,1.375],"rotation":270,"texture":"#0"},"east":{"uv":[8.125,1.1875,8.6875,1.4375],"rotation":270,"texture":"#0"},"south":{"uv":[8.125,1.25,8.6875,1.1875],"rotation":270,"texture":"#0"},"west":{"uv":[8.125,1.4375,8.6875,1.1875],"rotation":270,"texture":"#0"},"up":{"uv":[8.625,1.1875,8.6875,1.4375],"rotation":180,"texture":"#0"},"down":{"uv":[8.125,1.1875,8.1875,1.4375],"texture":"#0"}}},{"from":[23.48195,1.09683,-8.41871],"to":[23.48195,7.09683,-5.91871],"rotation":{"angle":0,"axis":"y","origin":[17.40187,7.97183,-7.41871]},"faces":{"east":{"uv":[7.9375,1.125,8.6875,1.4375],"rotation":270,"texture":"#0"},"west":{"uv":[7.9375,1.4375,8.6875,1.125],"rotation":270,"texture":"#0"}}},{"from":[21.98195,4.34683,-7.66871],"to":[24.98195,5.34683,-7.66871],"rotation":{"angle":0,"axis":"y","origin":[17.40187,7.97183,-7.41871]},"faces":{"north":{"uv":[8.25,1.875,8.375,1.5],"rotation":270,"texture":"#0"},"south":{"uv":[8.25,1.875,8.375,1.5],"rotation":270,"texture":"#0"}}},{"from":[21.15187,8.59683,-8.41871],"to":[22.15187,13.09683,-6.41871],"rotation":{"angle":-22.5,"axis":"z","origin":[17.40187,8.97183,-7.41871]},"faces":{"north":{"uv":[8.125,0.5,8.6875,0.4375],"rotation":270,"texture":"#0"},"east":{"uv":[8.125,0.25,8.6875,0.5],"rotation":270,"texture":"#0"},"south":{"uv":[8.125,0.3125,8.6875,0.25],"rotation":270,"texture":"#0"},"west":{"uv":[8.125,0.5,8.6875,0.25],"rotation":270,"texture":"#0"},"up":{"uv":[8.625,0.25,8.6875,0.5],"rotation":180,"texture":"#0"},"down":{"uv":[8.125,0.25,8.1875,0.5],"texture":"#0"}}},{"from":[21.65187,7.09683,-8.41871],"to":[21.65187,13.09683,-5.91871],"rotation":{"angle":-22.5,"axis":"z","origin":[17.40187,8.97183,-7.41871]},"faces":{"east":{"uv":[7.9375,0.1875,8.6875,0.5],"rotation":270,"texture":"#0"},"west":{"uv":[7.9375,0.5,8.6875,0.1875],"rotation":270,"texture":"#0"}}},{"from":[20.15187,10.34683,-7.66871],"to":[23.15187,11.34683,-7.66871],"rotation":{"angle":-22.5,"axis":"z","origin":[17.40187,8.97183,-7.41871]},"faces":{"north":{"uv":[8.25,0.9375,8.375,0.5625],"rotation":270,"texture":"#0"},"south":{"uv":[8.25,0.9375,8.375,0.5625],"rotation":270,"texture":"#0"}}},{"from":[24.84813,5.59683,-8.66871],"to":[25.84813,10.09683,-6.66871],"rotation":{"angle":22.5,"axis":"z","origin":[14.59813,8.97183,-3.41871]},"faces":{"north":{"uv":[7.1875,1.1875,7.75,1.25],"rotation":270,"texture":"#0"},"east":{"uv":[7.1875,1.4375,7.75,1.1875],"rotation":270,"texture":"#0"},"south":{"uv":[7.1875,1.375,7.75,1.4375],"rotation":270,"texture":"#0"},"west":{"uv":[7.1875,1.1875,7.75,1.4375],"rotation":270,"texture":"#0"},"up":{"uv":[7.6875,1.4375,7.75,1.1875],"rotation":180,"texture":"#0"},"down":{"uv":[7.1875,1.4375,7.25,1.1875],"texture":"#0"}}},{"from":[25.34813,4.09683,-9.16871],"to":[25.34813,10.09683,-6.66871],"rotation":{"angle":22.5,"axis":"z","origin":[14.59813,8.97183,-3.41871]},"faces":{"east":{"uv":[7,1.4375,7.75,1.125],"rotation":270,"texture":"#0"},"west":{"uv":[7,1.125,7.75,1.4375],"rotation":270,"texture":"#0"}}},{"from":[23.84813,7.34683,-7.41871],"to":[26.84813,8.34683,-7.41871],"rotation":{"angle":22.5,"axis":"z","origin":[14.59813,8.97183,-3.41871]},"faces":{"north":{"uv":[7.3125,1.5,7.4375,1.875],"rotation":270,"texture":"#0"},"south":{"uv":[7.3125,1.5,7.4375,1.875],"rotation":270,"texture":"#0"}}},{"from":[22.5736,11.14914,-8.43702],"to":[23.5736,15.64914,-6.43702],"rotation":{"angle":-22.5,"axis":"z","origin":[22.3236,16.06833,-8.16871]},"faces":{"north":{"uv":[7.1875,0.4375,7.75,0.5],"rotation":270,"texture":"#0"},"east":{"uv":[7.1875,0.25,7.75,0.5],"rotation":270,"texture":"#0"},"south":{"uv":[7.1875,0.25,7.75,0.3125],"rotation":270,"texture":"#0"},"west":{"uv":[7.1875,0.5,7.75,0.25],"rotation":270,"texture":"#0"},"up":{"uv":[7.6875,0.5,7.75,0.25],"texture":"#0"},"down":{"uv":[7.1875,0.5,7.25,0.25],"rotation":180,"texture":"#0"}}},{"from":[23.0736,9.64914,-8.43702],"to":[23.0736,15.64914,-5.93702],"rotation":{"angle":-22.5,"axis":"z","origin":[22.3236,16.06833,-8.16871]},"faces":{"east":{"uv":[7,0.1875,7.75,0.5],"rotation":270,"texture":"#0"},"west":{"uv":[7,0.5,7.75,0.1875],"rotation":270,"texture":"#0"}}},{"from":[21.5736,12.89914,-7.68702],"to":[24.5736,13.89914,-7.68702],"rotation":{"angle":-22.5,"axis":"z","origin":[22.3236,16.06833,-8.16871]},"faces":{"north":{"uv":[7.3125,0.5625,7.4375,0.9375],"rotation":270,"texture":"#0"},"south":{"uv":[7.3125,0.5625,7.4375,0.9375],"rotation":270,"texture":"#0"}}},{"from":[-9.25,12.25,-9.25],"to":[-5.75,15.25,-5.75],"rotation":{"angle":0,"axis":"y","origin":[4,4,4]},"faces":{"north":{"uv":[10.375,0.625,10.8125,1.0625],"texture":"#0"},"east":{"uv":[10.375,0.625,10.8125,1.0625],"texture":"#0"},"south":{"uv":[10.375,0.625,10.8125,1.0625],"texture":"#0"},"west":{"uv":[10.375,0.625,10.8125,1.0625],"texture":"#0"},"up":{"uv":[10.375,0.625,10.8125,1.0625],"texture":"#0"},"down":{"uv":[10.375,0.625,10.8125,1.0625],"texture":"#0"}}},{"from":[-9,11.25,-9],"to":[-6,12.25,-6],"rotation":{"angle":0,"axis":"y","origin":[4,4,4]},"faces":{"north":{"uv":[11,0,11.375,0.125],"texture":"#0"},"east":{"uv":[11,0,11.375,0.125],"texture":"#0"},"south":{"uv":[11,0,11.375,0.125],"texture":"#0"},"west":{"uv":[11,0,11.375,0.125],"texture":"#0"},"up":{"uv":[11.4375,0,11.8125,0.375],"texture":"#0"},"down":{"uv":[11.4375,0,11.8125,0.375],"texture":"#0"}}},{"from":[-8.75,15.25,-8.75],"to":[-6.25,15.75,-6.25],"rotation":{"angle":0,"axis":"y","origin":[4,4,4]},"faces":{"north":{"uv":[10,0.875,10.3125,0.9375],"texture":"#0"},"east":{"uv":[10,0.875,10.3125,0.9375],"texture":"#0"},"south":{"uv":[10,0.875,10.3125,0.9375],"texture":"#0"},"west":{"uv":[10,0.875,10.3125,0.9375],"texture":"#0"},"up":{"uv":[10,0.625,10.3125,0.9375],"texture":"#0"},"down":{"uv":[10,0.625,10.3125,0.9375],"texture":"#0"}}},{"from":[-8.25,15.75,-8.25],"to":[-6.75,16.75,-6.75],"rotation":{"angle":0,"axis":"y","origin":[4,4,4]},"faces":{"north":{"uv":[10.6875,0,10.875,0.125],"texture":"#0"},"east":{"uv":[10.6875,0,10.875,0.125],"texture":"#0"},"south":{"uv":[10.6875,0,10.875,0.125],"texture":"#0"},"west":{"uv":[10.6875,0,10.875,0.125],"texture":"#0"},"up":{"uv":[10.6875,0.1875,10.875,0.375],"texture":"#0"}}},{"from":[-10.5,11.75,-7.5],"to":[-4.5,19.25,-7.5],"rotation":{"angle":0,"axis":"y","origin":[4,4,4]},"faces":{"north":{"uv":[12,0.4375,11.25,1.375],"texture":"#0"},"south":{"uv":[11.25,0.4375,12,1.375],"texture":"#0"}}},{"from":[4,6.25,20.55469],"to":[12,14.25,22.05469],"rotation":{"angle":0,"axis":"y","origin":[8,4.75,8]},"faces":{"north":{"uv":[0,1,1,0],"rotation":90,"texture":"#0"},"east":{"uv":[1.0625,1,1.25,0],"texture":"#0"},"south":{"uv":[0,1,1,0],"rotation":180,"texture":"#0"},"west":{"uv":[1.0625,1,1.25,0],"rotation":180,"texture":"#0"},"up":{"uv":[1.0625,0,1.25,1],"rotation":270,"texture":"#0"},"down":{"uv":[1.0625,0,1.25,1],"rotation":90,"texture":"#0"}}},{"from":[6,12.25,20.55469],"to":[10,8.25,22.05469],"rotation":{"angle":0,"axis":"y","origin":[8,4.75,8]},"faces":{"east":{"uv":[0,1.0625,0.125,1.5625],"texture":"#0"},"west":{"uv":[0,1.0625,0.125,1.5625],"rotation":180,"texture":"#0"},"up":{"uv":[0.125,1.5625,0,1.0625],"rotation":270,"texture":"#0"},"down":{"uv":[0,1.5625,0.125,1.0625],"rotation":90,"texture":"#0"}}},{"from":[3,6.25,21.30469],"to":[13,14.25,21.30469],"rotation":{"angle":0,"axis":"y","origin":[8,4.75,8]},"faces":{"north":{"uv":[1.3125,1.25,2.25,0],"rotation":270,"texture":"#0"},"south":{"uv":[1.3125,1.25,2.25,0],"rotation":270,"texture":"#0"}}},{"from":[4,5.25,21.30469],"to":[12,15.25,21.30469],"rotation":{"angle":0,"axis":"y","origin":[8,4.75,8]},"faces":{"north":{"uv":[1.3125,1.25,2.25,0],"rotation":180,"texture":"#0"},"south":{"uv":[1.3125,1.25,2.25,0],"texture":"#0"}}},{"from":[25.25391,5.25,1.5],"to":[25.25391,8.75,14.5],"rotation":{"angle":0,"axis":"y","origin":[16,0,0]},"faces":{"east":{"uv":[4.0625,1.125,2.4375,1.5625],"texture":"#0"},"west":{"uv":[4.0625,1.125,2.4375,1.5625],"texture":"#0"}}},{"from":[24.58984,4.52344,6.5],"to":[26.08984,6.02344,9.5],"rotation":{"angle":0,"axis":"z","origin":[24.5,7.25,5.25]},"faces":{"north":{"uv":[3.375,0.5,3.1875,0.6875],"texture":"#0"},"east":{"uv":[3.4375,0.6875,3.8125,0.5],"rotation":180,"texture":"#0"},"south":{"uv":[4.0625,0.5,3.875,0.6875],"texture":"#0"},"west":{"uv":[3.4375,0.5,3.8125,0.6875],"texture":"#0"},"up":{"uv":[3.4375,0.5625,3.8125,0.5],"rotation":90,"texture":"#0"},"down":{"uv":[3.8125,0.6875,3.4375,0.625],"rotation":90,"texture":"#0"}}},{"from":[24.5,7.75,1.5],"to":[25.5,8.75,14.5],"rotation":{"angle":0,"axis":"y","origin":[12,4,4]},"faces":{"north":{"uv":[1.625,1.9375,1.5,2.0625],"rotation":90,"texture":"#0"},"east":{"uv":[3.125,2.1875,1.5,2.25],"texture":"#0"},"south":{"uv":[1.5,2.0625,1.625,1.9375],"rotation":90,"texture":"#0"},"up":{"uv":[1.5,2.25,3.125,2.125],"rotation":90,"texture":"#0"},"down":{"uv":[1.5,2.25,3.125,2.125],"rotation":90,"texture":"#0"}}},{"from":[-9.25391,5.25,1.5],"to":[-9.25391,8.75,14.5],"faces":{"east":{"uv":[2.4375,1.125,4.0625,1.5625],"texture":"#0"},"west":{"uv":[2.4375,1.125,4.0625,1.5625],"texture":"#0"}}},{"from":[-10.12891,4.52344,6.5],"to":[-8.62891,6.02344,9.5],"rotation":{"angle":0,"axis":"z","origin":[-8.5,7.25,5.25]},"faces":{"north":{"uv":[3.1875,0.5,3.375,0.6875],"texture":"#0"},"east":{"uv":[3.8125,0.5,3.4375,0.6875],"texture":"#0"},"south":{"uv":[3.875,0.5,4.0625,0.6875],"texture":"#0"},"west":{"uv":[3.8125,0.6875,3.4375,0.5],"rotation":180,"texture":"#0"},"up":{"uv":[3.4375,0.5,3.8125,0.5625],"rotation":90,"texture":"#0"},"down":{"uv":[3.8125,0.625,3.4375,0.6875],"rotation":90,"texture":"#0"}}},{"from":[-9.5,7.75,1.5],"to":[-8.5,8.75,14.5],"rotation":{"angle":0,"axis":"y","origin":[4,4,4]},"faces":{"north":{"uv":[1.625,2.0625,1.5,1.9375],"rotation":90,"texture":"#0"},"south":{"uv":[1.5,1.9375,1.625,2.0625],"rotation":90,"texture":"#0"},"west":{"uv":[1.5,2.1875,3.125,2.25],"texture":"#0"},"up":{"uv":[1.5,2.125,3.125,2.25],"rotation":90,"texture":"#0"},"down":{"uv":[1.5,2.125,3.125,2.25],"rotation":90,"texture":"#0"}}},{"from":[-7.25,17,-4.5],"to":[23.25,20.5,-4.5],"rotation":{"angle":0,"axis":"y","origin":[4,4,4]},"faces":{"north":{"uv":[2.875,0,6.6875,0.4375],"texture":"#0"},"south":{"uv":[2.875,0,6.6875,0.4375],"texture":"#0"}}},{"from":[16,16.5,-5.5],"to":[19,18,-4],"rotation":{"angle":0,"axis":"y","origin":[4,4,4]},"faces":{"north":{"uv":[3.4375,0.5,3.8125,0.5625],"texture":"#0"},"east":{"uv":[3.1875,0.5,3.375,0.6875],"rotation":90,"texture":"#0"},"south":{"uv":[3.8125,0.625,3.4375,0.6875],"texture":"#0"},"west":{"uv":[3.875,0.5,4.0625,0.6875],"rotation":270,"texture":"#0"},"up":{"uv":[3.8125,0.5,3.4375,0.6875],"texture":"#0"},"down":{"uv":[3.8125,0.6875,3.4375,0.5],"texture":"#0"}}},{"from":[6.5,16.5,-5.5],"to":[9.5,18,-4],"rotation":{"angle":0,"axis":"y","origin":[4,4,4]},"faces":{"north":{"uv":[3.4375,0.5,3.8125,0.5625],"texture":"#0"},"east":{"uv":[3.1875,0.5,3.375,0.6875],"rotation":90,"texture":"#0"},"south":{"uv":[3.8125,0.625,3.4375,0.6875],"texture":"#0"},"west":{"uv":[3.875,0.5,4.0625,0.6875],"rotation":270,"texture":"#0"},"up":{"uv":[3.8125,0.5,3.4375,0.6875],"texture":"#0"},"down":{"uv":[3.8125,0.6875,3.4375,0.5],"texture":"#0"}}},{"from":[-3,16.5,-5.5],"to":[0,18,-4],"rotation":{"angle":0,"axis":"y","origin":[4,4,4]},"faces":{"north":{"uv":[3.4375,0.5,3.8125,0.5625],"texture":"#0"},"east":{"uv":[3.1875,0.5,3.375,0.6875],"rotation":90,"texture":"#0"},"south":{"uv":[3.8125,0.625,3.4375,0.6875],"texture":"#0"},"west":{"uv":[3.875,0.5,4.0625,0.6875],"rotation":270,"texture":"#0"},"up":{"uv":[3.8125,0.5,3.4375,0.6875],"texture":"#0"},"down":{"uv":[3.8125,0.6875,3.4375,0.5],"texture":"#0"}}},{"from":[-0.75,4.35224,-6.41574],"to":[0.25,5.85224,-4.91574],"rotation":{"angle":0,"axis":"y","origin":[0.56626,2.84325,-5.75899]},"faces":{"north":{"uv":[0,2.6875,0.1875,2.5625],"rotation":90,"texture":"#0"},"east":{"uv":[0,2.125,0,2.125],"rotation":90,"texture":"#0"},"south":{"uv":[0,2.5,0.1875,2.375],"rotation":90,"texture":"#0"},"west":{"uv":[0.1875,2.75,0,2.9375],"rotation":270,"texture":"#0"},"up":{"uv":[0.125,2.125,0,2.3125],"texture":"#0"},"down":{"uv":[0,2.125,0.125,2.3125],"rotation":180,"texture":"#0"}}},{"from":[-1.75,4.35224,-6.66574],"to":[-0.75,5.85224,-5.16574],"rotation":{"angle":0,"axis":"y","origin":[0.56626,2.84325,-5.75899]},"faces":{"north":{"uv":[0.75,2.375,0.875,2.5625],"rotation":180,"texture":"#0"},"east":{"uv":[0.5,2.125,0.6875,2.3125],"rotation":90,"texture":"#0"},"south":{"uv":[0.375,2.625,0.5,2.8125],"texture":"#0"},"west":{"uv":[0.5,2.375,0.6875,2.5625],"rotation":270,"texture":"#0"},"up":{"uv":[0.5625,2.625,0.6875,2.8125],"texture":"#0"},"down":{"uv":[0.75,2.625,0.875,2.8125],"rotation":180,"texture":"#0"}}},{"from":[-1.2742,4.60224,-8.68844],"to":[-0.2742,5.60224,-7.18844],"rotation":{"angle":45,"axis":"y","origin":[0.56626,2.84325,-5.75899]},"faces":{"north":{"uv":[1.0625,2.125,0.9375,2.25],"rotation":180,"texture":"#0"},"east":{"uv":[0.75,2.125,0.875,2.3125],"rotation":90,"texture":"#0"},"south":{"uv":[1.0625,2.3125,0.9375,2.4375],"texture":"#0"},"west":{"uv":[1.125,2.125,1.25,2.25],"rotation":270,"texture":"#0"},"up":{"uv":[1.0625,2.5,0.9375,2.6875],"texture":"#0"},"down":{"uv":[1.25,2.3125,1.125,2.5],"rotation":180,"texture":"#0"}}},{"from":[0.25,4.10224,-6.66574],"to":[0.75,6.10224,-4.91574],"rotation":{"angle":0,"axis":"y","origin":[0.56626,2.84325,-5.75899]},"faces":{"north":{"uv":[0.1875,2.125,0.4375,2.1875],"rotation":270,"texture":"#0"},"east":{"uv":[0.1875,2.125,0.4375,2.375],"rotation":90,"texture":"#0"},"south":{"uv":[0.1875,2.125,0.4375,2.1875],"texture":"#0"},"west":{"uv":[0.1875,2.125,0.4375,2.375],"rotation":270,"texture":"#0"},"up":{"uv":[0.1875,2.125,0.25,2.375],"texture":"#0"},"down":{"uv":[0.375,2.125,0.4375,2.375],"rotation":180,"texture":"#0"}}},{"from":[3.5,4.60224,-5.41574],"to":[4.5,5.60224,-4.91574],"rotation":{"angle":0,"axis":"y","origin":[2.06626,3.84325,-5.75899]},"faces":{"north":{"uv":[0.25,3.0625,0.375,3.1875],"rotation":180,"texture":"#0"},"east":{"uv":[0.3125,3.0625,0.375,3.1875],"rotation":180,"texture":"#0"},"south":{"uv":[0.25,3.1875,0.375,3.0625],"texture":"#0"},"west":{"uv":[0.3125,3.1875,0.375,3.0625],"texture":"#0"},"up":{"uv":[0.25,3.125,0.375,3.1875],"texture":"#0"},"down":{"uv":[0.25,3.0625,0.375,3.1875],"rotation":180,"texture":"#0"}}},{"from":[2.5,3.60224,-5.41574],"to":[5.5,4.60224,-4.91574],"rotation":{"angle":0,"axis":"y","origin":[2.06626,3.84325,-5.75899]},"faces":{"north":{"uv":[0.125,3.1875,0.5,3.3125],"rotation":180,"texture":"#0"},"east":{"uv":[0.125,3.1875,0.1875,3.3125],"rotation":180,"texture":"#0"},"south":{"uv":[0.125,3.1875,0.5,3.3125],"rotation":180,"texture":"#0"},"west":{"uv":[0.125,3.1875,0.1875,3.3125],"texture":"#0"},"up":{"uv":[0.125,3.25,0.5,3.3125],"texture":"#0"},"down":{"uv":[0.125,3.1875,0.5,3.25],"rotation":180,"texture":"#0"}}},{"from":[3.46246,4.71696,-5.40965],"to":[4.96246,5.71696,-4.92551],"rotation":{"angle":-45,"axis":"z","origin":[2.06626,3.84325,-5.75899]},"faces":{"north":{"uv":[0.125,3.375,0.25,3.5625],"rotation":270,"texture":"#0"},"east":{"uv":[0.125,3.375,0.25,3.4375],"rotation":270,"texture":"#0"},"south":{"uv":[0.125,3.5625,0.25,3.375],"rotation":270,"texture":"#0"},"west":{"uv":[0.125,3.375,0.25,3.5625],"rotation":270,"texture":"#0"},"up":{"uv":[0.1875,3.375,0.25,3.5625],"rotation":90,"texture":"#0"},"down":{"uv":[0.125,3.5625,0.1875,3.375],"rotation":270,"texture":"#0"}}},{"from":[1.90719,2.01778,-5.41356],"to":[3.40719,3.01778,-4.92356],"rotation":{"angle":45,"axis":"z","origin":[2.06626,3.84325,-5.75899]},"faces":{"north":{"uv":[0.375,3.375,0.5,3.5625],"rotation":270,"texture":"#0"},"east":{"uv":[0.375,3.375,0.5,3.5625],"rotation":90,"texture":"#0"},"south":{"uv":[0.375,3.5625,0.5,3.375],"rotation":270,"texture":"#0"},"west":{"uv":[0.375,3.5,0.5,3.5625],"rotation":270,"texture":"#0"},"up":{"uv":[0.4375,3.375,0.5,3.5625],"rotation":90,"texture":"#0"},"down":{"uv":[0.375,3.5625,0.4375,3.375],"rotation":270,"texture":"#0"}}},{"from":[12.51645,8.48105,-6.41574],"to":[15.01645,11.48105,-4.91574],"rotation":{"angle":-22.5,"axis":"z","origin":[0.56626,3.34325,-5.75899]},"faces":{"north":{"uv":[1.0625,3.375,0.75,3],"rotation":180,"texture":"#0"},"east":{"uv":[0.75,3.375,0.8125,3],"rotation":180,"texture":"#0"},"south":{"uv":[1.0625,3,0.75,3.375],"texture":"#0"},"west":{"uv":[1,3,1.0625,3.375],"texture":"#0"},"up":{"uv":[1.0625,3,0.75,3.0625],"texture":"#0"},"down":{"uv":[0.75,3.3125,1.0625,3.375],"rotation":180,"texture":"#0"}}},{"from":[15.01645,8.48105,-6.41574],"to":[15.51645,10.48105,-4.91574],"rotation":{"angle":-22.5,"axis":"z","origin":[0.56626,3.34325,-5.75899]},"faces":{"north":{"uv":[0.6875,3.375,0.75,3.125],"rotation":180,"texture":"#0"},"east":{"uv":[1.125,3.125,1.3125,3.375],"texture":"#0"},"south":{"uv":[0.6875,3.125,0.75,3.375],"texture":"#0"},"up":{"uv":[0.6875,3.125,0.75,3.1875],"texture":"#0"},"down":{"uv":[0.6875,3.3125,0.75,3.375],"rotation":180,"texture":"#0"}}},{"from":[-5.25,2,-5],"to":[21.25,8,-5],"rotation":{"angle":0,"axis":"y","origin":[4,4,4]},"faces":{"north":{"uv":[12.75,0,16,0.8125],"texture":"#0"},"south":{"uv":[16,0,12.75,0.8125],"texture":"#0"}}},{"from":[-5.25,15,18.5],"to":[21.25,21,18.5],"rotation":{"angle":0,"axis":"y","origin":[4,4,4]},"faces":{"north":{"uv":[16,0,12.75,0.8125],"texture":"#0"},"south":{"uv":[16,0,12.75,0.8125],"texture":"#0"}}},{"from":[-6.01953,8.81641,15.80469],"to":[21.98047,12.81641,22.30469],"rotation":{"angle":-22.5,"axis":"x","origin":[30.5,2.75,24]},"faces":{"north":{"uv":[12.4375,15.375,15.9375,15.875],"texture":"#0"},"east":{"uv":[11.0625,14.625,11.875,15.125],"texture":"#0"},"south":{"uv":[12.4375,15.375,15.9375,15.875],"texture":"#0"},"west":{"uv":[11.0625,14.625,11.875,15.125],"texture":"#0"}}},{"from":[21.98047,8.81641,15.80469],"to":[-5.98633,12.81641,22.30469],"rotation":{"angle":-22.5,"axis":"x","origin":[30.5,2.75,24]},"faces":{"north":{"uv":[12.4375,15.375,15.9375,15.875],"texture":"#0"},"east":{"uv":[11.0625,14.625,11.875,15.125],"texture":"#0"},"south":{"uv":[12.4375,15.375,15.9375,15.875],"texture":"#0"},"west":{"uv":[11.0625,14.625,11.875,15.125],"texture":"#0"}}},{"from":[-5.01038,11.02414,16.74267],"to":[-4.01038,13.02414,21.24267],"rotation":{"angle":-22.5,"axis":"x","origin":[30.0736,5.02414,24.06298]},"faces":{"north":{"uv":[8.125,1.4375,8.1875,1.1875],"rotation":180,"texture":"#0"},"east":{"uv":[8.125,1.4375,8.6875,1.1875],"rotation":180,"texture":"#0"},"south":{"uv":[8.625,1.4375,8.6875,1.1875],"rotation":180,"texture":"#0"},"west":{"uv":[8.125,1.1875,8.6875,1.4375],"texture":"#0"},"up":{"uv":[8.125,1.1875,8.6875,1.25],"rotation":90,"texture":"#0"},"down":{"uv":[8.125,1.375,8.6875,1.4375],"rotation":270,"texture":"#0"}}},{"from":[-4.51038,11.02414,15.24267],"to":[-4.51038,13.52414,21.24267],"rotation":{"angle":-22.5,"axis":"x","origin":[30.0736,5.02414,24.06298]},"faces":{"east":{"uv":[7.9375,1.4375,8.6875,1.125],"rotation":180,"texture":"#0"},"west":{"uv":[7.9375,1.125,8.6875,1.4375],"texture":"#0"}}},{"from":[-6.01038,11.77414,18.49267],"to":[-3.01038,11.77414,19.49267],"rotation":{"angle":-22.5,"axis":"x","origin":[30.0736,5.02414,24.06298]},"faces":{"up":{"uv":[8.25,1.5,8.375,1.875],"rotation":90,"texture":"#0"},"down":{"uv":[8.25,1.5,8.375,1.875],"rotation":270,"texture":"#0"}}},{"from":[-1.01038,11.02414,16.74267],"to":[-0.01038,13.02414,21.24267],"rotation":{"angle":-22.5,"axis":"x","origin":[30.0736,5.02414,24.06298]},"faces":{"north":{"uv":[8.125,1.4375,8.1875,1.1875],"rotation":180,"texture":"#0"},"east":{"uv":[8.125,1.4375,8.6875,1.1875],"rotation":180,"texture":"#0"},"south":{"uv":[8.625,1.4375,8.6875,1.1875],"rotation":180,"texture":"#0"},"west":{"uv":[8.125,1.1875,8.6875,1.4375],"texture":"#0"},"up":{"uv":[8.125,1.1875,8.6875,1.25],"rotation":90,"texture":"#0"},"down":{"uv":[8.125,1.375,8.6875,1.4375],"rotation":270,"texture":"#0"}}},{"from":[-0.51038,11.02414,15.24267],"to":[-0.51038,13.52414,21.24267],"rotation":{"angle":-22.5,"axis":"x","origin":[30.0736,5.02414,24.06298]},"faces":{"east":{"uv":[7.9375,1.4375,8.6875,1.125],"rotation":180,"texture":"#0"},"west":{"uv":[7.9375,1.125,8.6875,1.4375],"texture":"#0"}}},{"from":[-2.01038,11.77414,18.49267],"to":[0.98962,11.77414,19.49267],"rotation":{"angle":-22.5,"axis":"x","origin":[30.0736,5.02414,24.06298]},"faces":{"up":{"uv":[8.25,1.5,8.375,1.875],"rotation":90,"texture":"#0"},"down":{"uv":[8.25,1.5,8.375,1.875],"rotation":270,"texture":"#0"}}},{"from":[-3.01038,11.06515,16.74267],"to":[-2.01038,13.06515,21.24267],"rotation":{"angle":-22.5,"axis":"x","origin":[30.0736,5.02414,24.06298]},"faces":{"north":{"uv":[8.125,1.4375,8.1875,1.1875],"rotation":180,"texture":"#0"},"east":{"uv":[8.125,1.4375,8.6875,1.1875],"rotation":180,"texture":"#0"},"south":{"uv":[8.625,1.4375,8.6875,1.1875],"rotation":180,"texture":"#0"},"west":{"uv":[8.125,1.1875,8.6875,1.4375],"texture":"#0"},"up":{"uv":[8.125,1.1875,8.6875,1.25],"rotation":90,"texture":"#0"},"down":{"uv":[8.125,1.375,8.6875,1.4375],"rotation":270,"texture":"#0"}}},{"from":[-2.51038,11.06515,15.24267],"to":[-2.51038,13.56515,21.24267],"rotation":{"angle":-22.5,"axis":"x","origin":[30.0736,5.02414,24.06298]},"faces":{"east":{"uv":[7.9375,1.4375,8.6875,1.125],"rotation":180,"texture":"#0"},"west":{"uv":[7.9375,1.125,8.6875,1.4375],"texture":"#0"}}},{"from":[-4.01038,11.81515,18.49267],"to":[-1.01038,11.81515,19.49267],"rotation":{"angle":-22.5,"axis":"x","origin":[30.0736,5.02414,24.06298]},"faces":{"up":{"uv":[8.25,1.5,8.375,1.875],"rotation":90,"texture":"#0"},"down":{"uv":[8.25,1.5,8.375,1.875],"rotation":270,"texture":"#0"}}},{"from":[1.98962,11.02414,16.74267],"to":[2.98962,13.02414,21.24267],"rotation":{"angle":-22.5,"axis":"x","origin":[30.0736,5.02414,24.06298]},"faces":{"north":{"uv":[7.1875,1.4375,7.25,1.1875],"rotation":180,"texture":"#0"},"east":{"uv":[7.1875,1.4375,7.75,1.1875],"rotation":180,"texture":"#0"},"south":{"uv":[7.6875,1.4375,7.75,1.1875],"rotation":180,"texture":"#0"},"west":{"uv":[7.1875,1.1875,7.75,1.4375],"texture":"#0"},"up":{"uv":[7.1875,1.1875,7.75,1.25],"rotation":90,"texture":"#0"},"down":{"uv":[7.1875,1.375,7.75,1.4375],"rotation":270,"texture":"#0"}}},{"from":[2.48962,11.02414,15.24267],"to":[2.48962,13.52414,21.24267],"rotation":{"angle":-22.5,"axis":"x","origin":[30.0736,5.02414,24.06298]},"faces":{"east":{"uv":[7,1.4375,7.75,1.125],"rotation":180,"texture":"#0"},"west":{"uv":[7,1.125,7.75,1.4375],"texture":"#0"}}},{"from":[0.98962,11.77414,18.49267],"to":[3.98962,11.77414,19.49267],"rotation":{"angle":-22.5,"axis":"x","origin":[30.0736,5.02414,24.06298]},"faces":{"up":{"uv":[7.3125,1.5,7.4375,1.875],"rotation":90,"texture":"#0"},"down":{"uv":[7.3125,1.5,7.4375,1.875],"rotation":270,"texture":"#0"}}},{"from":[5.98962,11.02414,16.74267],"to":[6.98962,13.02414,21.24267],"rotation":{"angle":-22.5,"axis":"x","origin":[30.0736,5.02414,24.06298]},"faces":{"north":{"uv":[7.1875,1.4375,7.25,1.1875],"rotation":180,"texture":"#0"},"east":{"uv":[7.1875,1.4375,7.75,1.1875],"rotation":180,"texture":"#0"},"south":{"uv":[7.6875,1.4375,7.75,1.1875],"rotation":180,"texture":"#0"},"west":{"uv":[7.1875,1.1875,7.75,1.4375],"texture":"#0"},"up":{"uv":[7.1875,1.1875,7.75,1.25],"rotation":90,"texture":"#0"},"down":{"uv":[7.1875,1.375,7.75,1.4375],"rotation":270,"texture":"#0"}}},{"from":[6.48962,11.02414,15.24267],"to":[6.48962,13.52414,21.24267],"rotation":{"angle":-22.5,"axis":"x","origin":[30.0736,5.02414,24.06298]},"faces":{"east":{"uv":[7,1.4375,7.75,1.125],"rotation":180,"texture":"#0"},"west":{"uv":[7,1.125,7.75,1.4375],"texture":"#0"}}},{"from":[4.98962,11.77414,18.49267],"to":[7.98962,11.77414,19.49267],"rotation":{"angle":-22.5,"axis":"x","origin":[30.0736,5.02414,24.06298]},"faces":{"up":{"uv":[7.3125,1.5,7.4375,1.875],"rotation":90,"texture":"#0"},"down":{"uv":[7.3125,1.5,7.4375,1.875],"rotation":270,"texture":"#0"}}},{"from":[3.98962,11.06515,16.74267],"to":[4.98962,13.06515,21.24267],"rotation":{"angle":-22.5,"axis":"x","origin":[30.0736,5.02414,24.06298]},"faces":{"north":{"uv":[7.1875,1.4375,7.25,1.1875],"rotation":180,"texture":"#0"},"east":{"uv":[7.1875,1.4375,7.75,1.1875],"rotation":180,"texture":"#0"},"south":{"uv":[7.6875,1.4375,7.75,1.1875],"rotation":180,"texture":"#0"},"west":{"uv":[7.1875,1.1875,7.75,1.4375],"texture":"#0"},"up":{"uv":[7.1875,1.1875,7.75,1.25],"rotation":90,"texture":"#0"},"down":{"uv":[7.1875,1.375,7.75,1.4375],"rotation":270,"texture":"#0"}}},{"from":[4.48962,11.06515,15.24267],"to":[4.48962,13.56515,21.24267],"rotation":{"angle":-22.5,"axis":"x","origin":[30.0736,5.02414,24.06298]},"faces":{"east":{"uv":[7,1.4375,7.75,1.125],"rotation":180,"texture":"#0"},"west":{"uv":[7,1.125,7.75,1.4375],"texture":"#0"}}},{"from":[2.98962,11.81515,18.49267],"to":[5.98962,11.81515,19.49267],"rotation":{"angle":-22.5,"axis":"x","origin":[30.0736,5.02414,24.06298]},"faces":{"up":{"uv":[7.3125,1.5,7.4375,1.875],"rotation":90,"texture":"#0"},"down":{"uv":[7.3125,1.5,7.4375,1.875],"rotation":270,"texture":"#0"}}},{"from":[8.98962,11.02414,16.74267],"to":[9.98962,13.02414,21.24267],"rotation":{"angle":-22.5,"axis":"x","origin":[30.0736,5.02414,24.06298]},"faces":{"north":{"uv":[7.1875,0.5,7.25,0.25],"rotation":180,"texture":"#0"},"east":{"uv":[7.1875,0.5,7.75,0.25],"rotation":180,"texture":"#0"},"south":{"uv":[7.6875,0.5,7.75,0.25],"rotation":180,"texture":"#0"},"west":{"uv":[7.1875,0.25,7.75,0.5],"texture":"#0"},"up":{"uv":[7.1875,0.25,7.75,0.3125],"rotation":90,"texture":"#0"},"down":{"uv":[7.1875,0.4375,7.75,0.5],"rotation":270,"texture":"#0"}}},{"from":[9.48962,11.02414,15.24267],"to":[9.48962,13.52414,21.24267],"rotation":{"angle":-22.5,"axis":"x","origin":[30.0736,5.02414,24.06298]},"faces":{"east":{"uv":[7,0.5,7.75,0.1875],"rotation":180,"texture":"#0"},"west":{"uv":[7,0.1875,7.75,0.5],"texture":"#0"}}},{"from":[7.98962,11.77414,18.49267],"to":[10.98962,11.77414,19.49267],"rotation":{"angle":-22.5,"axis":"x","origin":[30.0736,5.02414,24.06298]},"faces":{"up":{"uv":[7.3125,0.5625,7.4375,0.9375],"rotation":90,"texture":"#0"},"down":{"uv":[7.3125,0.5625,7.4375,0.9375],"rotation":270,"texture":"#0"}}},{"from":[12.98962,11.02414,16.74267],"to":[13.98962,13.02414,21.24267],"rotation":{"angle":-22.5,"axis":"x","origin":[30.0736,5.02414,24.06298]},"faces":{"north":{"uv":[7.1875,0.5,7.25,0.25],"rotation":180,"texture":"#0"},"east":{"uv":[7.1875,0.5,7.75,0.25],"rotation":180,"texture":"#0"},"south":{"uv":[7.6875,0.5,7.75,0.25],"rotation":180,"texture":"#0"},"west":{"uv":[7.1875,0.25,7.75,0.5],"texture":"#0"},"up":{"uv":[7.1875,0.25,7.75,0.3125],"rotation":90,"texture":"#0"},"down":{"uv":[7.1875,0.4375,7.75,0.5],"rotation":270,"texture":"#0"}}},{"from":[13.48962,11.02414,15.24267],"to":[13.48962,13.52414,21.24267],"rotation":{"angle":-22.5,"axis":"x","origin":[30.0736,5.02414,24.06298]},"faces":{"east":{"uv":[7,0.5,7.75,0.1875],"rotation":180,"texture":"#0"},"west":{"uv":[7,0.1875,7.75,0.5],"texture":"#0"}}},{"from":[11.98962,11.77414,18.49267],"to":[14.98962,11.77414,19.49267],"rotation":{"angle":-22.5,"axis":"x","origin":[30.0736,5.02414,24.06298]},"faces":{"up":{"uv":[7.3125,0.5625,7.4375,0.9375],"rotation":90,"texture":"#0"},"down":{"uv":[7.3125,0.5625,7.4375,0.9375],"rotation":270,"texture":"#0"}}},{"from":[10.98962,11.06515,16.74267],"to":[11.98962,13.06515,21.24267],"rotation":{"angle":-22.5,"axis":"x","origin":[30.0736,5.02414,24.06298]},"faces":{"north":{"uv":[7.1875,0.5,7.25,0.25],"rotation":180,"texture":"#0"},"east":{"uv":[7.1875,0.5,7.75,0.25],"rotation":180,"texture":"#0"},"south":{"uv":[7.6875,0.5,7.75,0.25],"rotation":180,"texture":"#0"},"west":{"uv":[7.1875,0.25,7.75,0.5],"texture":"#0"},"up":{"uv":[7.1875,0.25,7.75,0.3125],"rotation":90,"texture":"#0"},"down":{"uv":[7.1875,0.4375,7.75,0.5],"rotation":270,"texture":"#0"}}},{"from":[11.48962,11.06515,15.24267],"to":[11.48962,13.56515,21.24267],"rotation":{"angle":-22.5,"axis":"x","origin":[30.0736,5.02414,24.06298]},"faces":{"east":{"uv":[7,0.5,7.75,0.1875],"rotation":180,"texture":"#0"},"west":{"uv":[7,0.1875,7.75,0.5],"texture":"#0"}}},{"from":[9.98962,11.81515,18.49267],"to":[12.98962,11.81515,19.49267],"rotation":{"angle":-22.5,"axis":"x","origin":[30.0736,5.02414,24.06298]},"faces":{"up":{"uv":[7.3125,0.5625,7.4375,0.9375],"rotation":90,"texture":"#0"},"down":{"uv":[7.3125,0.5625,7.4375,0.9375],"rotation":270,"texture":"#0"}}},{"from":[15.98962,11.02414,16.74267],"to":[16.98962,13.02414,21.24267],"rotation":{"angle":-22.5,"axis":"x","origin":[30.0736,5.02414,24.06298]},"faces":{"north":{"uv":[8.125,0.5,8.1875,0.25],"rotation":180,"texture":"#0"},"east":{"uv":[8.125,0.5,8.6875,0.25],"rotation":180,"texture":"#0"},"south":{"uv":[8.625,0.5,8.6875,0.25],"rotation":180,"texture":"#0"},"west":{"uv":[8.125,0.25,8.6875,0.5],"texture":"#0"},"up":{"uv":[8.125,0.25,8.6875,0.3125],"rotation":90,"texture":"#0"},"down":{"uv":[8.125,0.4375,8.6875,0.5],"rotation":270,"texture":"#0"}}},{"from":[16.48962,11.02414,15.24267],"to":[16.48962,13.52414,21.24267],"rotation":{"angle":-22.5,"axis":"x","origin":[30.0736,5.02414,24.06298]},"faces":{"east":{"uv":[7.9375,0.5,8.6875,0.1875],"rotation":180,"texture":"#0"},"west":{"uv":[7.9375,0.1875,8.6875,0.5],"texture":"#0"}}},{"from":[14.98962,11.77414,18.49267],"to":[17.98962,11.77414,19.49267],"rotation":{"angle":-22.5,"axis":"x","origin":[30.0736,5.02414,24.06298]},"faces":{"up":{"uv":[8.25,0.5625,8.375,0.9375],"rotation":90,"texture":"#0"},"down":{"uv":[8.25,0.5625,8.375,0.9375],"rotation":270,"texture":"#0"}}},{"from":[19.98962,11.02414,16.74267],"to":[20.98962,13.02414,21.24267],"rotation":{"angle":-22.5,"axis":"x","origin":[30.0736,5.02414,24.06298]},"faces":{"north":{"uv":[8.125,0.5,8.1875,0.25],"rotation":180,"texture":"#0"},"east":{"uv":[8.125,0.5,8.6875,0.25],"rotation":180,"texture":"#0"},"south":{"uv":[8.625,0.5,8.6875,0.25],"rotation":180,"texture":"#0"},"west":{"uv":[8.125,0.25,8.6875,0.5],"texture":"#0"},"up":{"uv":[8.125,0.25,8.6875,0.3125],"rotation":90,"texture":"#0"},"down":{"uv":[8.125,0.4375,8.6875,0.5],"rotation":270,"texture":"#0"}}},{"from":[20.48962,11.02414,15.24267],"to":[20.48962,13.52414,21.24267],"rotation":{"angle":-22.5,"axis":"x","origin":[30.0736,5.02414,24.06298]},"faces":{"east":{"uv":[7.9375,0.5,8.6875,0.1875],"rotation":180,"texture":"#0"},"west":{"uv":[7.9375,0.1875,8.6875,0.5],"texture":"#0"}}},{"from":[18.98962,11.77414,18.49267],"to":[21.98962,11.77414,19.49267],"rotation":{"angle":-22.5,"axis":"x","origin":[30.0736,5.02414,24.06298]},"faces":{"up":{"uv":[8.25,0.5625,8.375,0.9375],"rotation":90,"texture":"#0"},"down":{"uv":[8.25,0.5625,8.375,0.9375],"rotation":270,"texture":"#0"}}},{"from":[17.98962,11.06515,16.74267],"to":[18.98962,13.06515,21.24267],"rotation":{"angle":-22.5,"axis":"x","origin":[30.0736,5.02414,24.06298]},"faces":{"north":{"uv":[8.125,0.5,8.1875,0.25],"rotation":180,"texture":"#0"},"east":{"uv":[8.125,0.5,8.6875,0.25],"rotation":180,"texture":"#0"},"south":{"uv":[8.625,0.5,8.6875,0.25],"rotation":180,"texture":"#0"},"west":{"uv":[8.125,0.25,8.6875,0.5],"texture":"#0"},"up":{"uv":[8.125,0.25,8.6875,0.3125],"rotation":90,"texture":"#0"},"down":{"uv":[8.125,0.4375,8.6875,0.5],"rotation":270,"texture":"#0"}}},{"from":[18.48962,11.06515,15.24267],"to":[18.48962,13.56515,21.24267],"rotation":{"angle":-22.5,"axis":"x","origin":[30.0736,5.02414,24.06298]},"faces":{"east":{"uv":[7.9375,0.5,8.6875,0.1875],"rotation":180,"texture":"#0"},"west":{"uv":[7.9375,0.1875,8.6875,0.5],"texture":"#0"}}},{"from":[16.98962,11.81515,18.49267],"to":[19.98962,11.81515,19.49267],"rotation":{"angle":-22.5,"axis":"x","origin":[30.0736,5.02414,24.06298]},"faces":{"up":{"uv":[8.25,0.5625,8.375,0.9375],"rotation":90,"texture":"#0"},"down":{"uv":[8.25,0.5625,8.375,0.9375],"rotation":270,"texture":"#0"}}},{"from":[-8,0,12.5],"to":[24,8,20.5],"rotation":{"angle":0,"axis":"y","origin":[14.5,0,12.5]},"faces":{"north":{"uv":[11.9375,14.125,15.9375,15.125],"texture":"#0"},"east":{"uv":[10.8125,13.5,11.8125,14.5],"texture":"#0"},"west":{"uv":[10.8125,13.5,11.8125,14.5],"texture":"#0"},"up":{"uv":[15.9375,13.0625,11.9375,14.0625],"texture":"#0"},"down":{"uv":[15.9375,14.125,11.9375,15.125],"texture":"#0"}}}],"gui_light":"front","display":{"thirdperson_righthand":{"rotation":[75,45,0],"translation":[1.75,7.75,2],"scale":[0.375,0.375,0.375]},"thirdperson_lefthand":{"rotation":[75,45,0],"translation":[1.75,7.75,2],"scale":[0.375,0.375,0.375]},"firstperson_righthand":{"rotation":[0,45,0],"translation":[5.25,2.75,0],"scale":[0.4,0.4,0.4]},"firstperson_lefthand":{"rotation":[0,45,0],"translation":[5.25,2.75,0],"scale":[0.4,0.4,0.4]},"ground":{"translation":[0,3.5,0],"scale":[0.3418,0.3418,0.3418]},"gui":{"rotation":[30,225,0],"translation":[0,-1.25,0],"scale":[0.27539,0.27539,0.27539]},"head":{"translation":[-39.5,-17.75,51.25],"scale":[3.19922,3.19922,3.19922]},"fixed":{"rotation":[-90,0,0],"translation":[-49.5,32.5,-31.75],"scale":[4,4,4]}},"groups":[{"name":"group","origin":[8,8,8],"color":0,"children":[{"name":"group","origin":[8,8,8],"color":0,"children":[0]},{"name":"group","origin":[8,8,8],"color":0,"children":[1]},{"name":"group","origin":[8,8,8],"color":0,"children":[2]},{"name":"group","origin":[8,8,8],"color":0,"children":[3,4]},{"name":"group","origin":[8,8,8],"color":0,"children":[5,6]},{"name":"group","origin":[48.83247,25.35356,-14.12132],"color":0,"children":[7,8,9,10,11,12,13,14,15,16,17,18]},{"name":"group","origin":[8,8,8],"color":0,"children":[19,20]},{"name":"group","origin":[8,8,8],"color":0,"children":[21,{"name":"group","origin":[0,0,0],"color":0,"children":[22,23]},24]},{"name":"group","origin":[8,8,8],"color":0,"children":[{"name":"group","origin":[8,8,8],"color":0,"children":[25,26,27,28,{"name":"group","origin":[8,8,8],"color":0,"children":[29,30,31,{"name":"group","origin":[8,8,8],"color":0,"children":[32,33,34,{"name":"group","origin":[8,8,8],"color":0,"children":[35,36,37]}]}]}]},{"name":"group","origin":[0,0,0],"color":0,"children":[38,39,40,41,42]},{"name":"group","origin":[8,8,8],"color":0,"children":[43,44,45,46]},{"name":"group","origin":[4,4,4],"color":0,"children":[47,48,49]},{"name":"group","origin":[4,4,4],"color":0,"children":[50,51,52]},{"name":"group","origin":[8,8,8],"color":0,"children":[53,54,55,56]},{"name":"group","origin":[8,8,8],"color":0,"children":[{"name":"group","origin":[8,8,8],"color":0,"children":[57,58,59,60]},{"name":"group","origin":[8,8,8],"color":0,"children":[61,62,63,64]},{"name":"group","origin":[8,8,8],"color":0,"children":[65,66]},67]},68]},{"name":"group","origin":[8,8,8],"color":0,"children":[{"name":"group","origin":[8,8,8],"color":0,"children":[{"name":"group","origin":[8,8,8],"color":0,"children":[69,70]},{"name":"group","origin":[8,8,8],"color":0,"children":[71,72,73]},{"name":"group","origin":[8,8,8],"color":0,"children":[74,75,76]},{"name":"group","origin":[8,8,8],"color":0,"children":[77,78,79]}]},{"name":"group","origin":[8,8,8],"color":0,"children":[{"name":"group","origin":[8,8,8],"color":0,"children":[80,81,82]},{"name":"group","origin":[8,8,8],"color":0,"children":[83,84,85]},{"name":"group","origin":[8,8,8],"color":0,"children":[86,87,88]}]},{"name":"group","origin":[8,8,8],"color":0,"children":[{"name":"group","origin":[8,8,8],"color":0,"children":[89,90,91]},{"name":"group","origin":[8,8,8],"color":0,"children":[92,93,94]},{"name":"group","origin":[8,8,8],"color":0,"children":[95,96,97]}]},{"name":"group","origin":[8,8,8],"color":0,"children":[{"name":"group","origin":[8,8,8],"color":0,"children":[98,99,100]},{"name":"group","origin":[8,8,8],"color":0,"children":[101,102,103]},{"name":"group","origin":[8,8,8],"color":0,"children":[104,105,106]}]},107]}]}],"mcmodels":"b383fad469164c3f1b58291b8b98aba4"}