{"credit":"Made with Blockbench by ShizuArt","textures":{"0":"shizuart_furnitures:market_booths/apothecary/market_booth_apothecary_dyeable","1":"shizuart_furnitures:market_booths/apothecary/market_booth_apothecary_garland","2":"shizuart_furnitures:market_booths/apothecary/market_booth_apothecary_dyeable2","particle":"shizuart_furnitures:market_booths/apothecary/market_booth_apothecary_dyeable"},"elements":[{"from":[-13.25,20.5,-9.5],"to":[29.25,22.5,25.5],"rotation":{"angle":0,"axis":"y","origin":[-0.5,0,4]},"faces":{"north":{"uv":[0,4.0625,5.3125,4.3125],"texture":"#0"},"east":{"uv":[5.625,4.5,5.375,8.875],"rotation":90,"texture":"#0"},"south":{"uv":[5.3125,4.0625,0,4.3125],"texture":"#0"},"west":{"uv":[5.625,4.5,5.375,8.875],"rotation":90,"texture":"#0"},"up":{"uv":[0,4.5,5.3125,8.875],"texture":"#0"},"down":{"uv":[0,4.5,5.3125,8.875],"texture":"#0"}}},{"from":[-10.25,22.5,-7.5],"to":[26.25,24.5,23.5],"rotation":{"angle":0,"axis":"y","origin":[2.5,-3.5,15]},"faces":{"north":{"uv":[0,10.9375,4.5625,11.1875],"texture":"#0"},"east":{"uv":[3.875,10.625,0,10.875],"texture":"#0"},"south":{"uv":[0,10.9375,4.5625,11.1875],"texture":"#0"},"west":{"uv":[3.875,10.625,0,10.875],"texture":"#0"},"up":{"uv":[5.6875,4.0625,10.25,7.9375],"texture":"#0"}}},{"from":[-10.25,22.5,-7.5],"to":[26.25,24.5,23.5],"rotation":{"angle":0,"axis":"y","origin":[2.5,-3.5,15]},"faces":{"north":{"uv":[0,10.9375,4.5625,11.1875],"texture":"#2","tintindex":0},"east":{"uv":[3.875,10.625,0,10.875],"texture":"#2","tintindex":0},"south":{"uv":[0,10.9375,4.5625,11.1875],"texture":"#2","tintindex":0},"west":{"uv":[3.875,10.625,0,10.875],"texture":"#2","tintindex":0},"up":{"uv":[5.6875,4.0625,10.25,7.9375],"texture":"#2","tintindex":0}}},{"from":[-13.25,16,-9.5],"to":[29.25,20.5,25.5],"rotation":{"angle":0,"axis":"y","origin":[6,17.5,36.75]},"faces":{"north":{"uv":[0,9.5625,5.0625,10.125],"texture":"#0"},"east":{"uv":[0,8.9375,4.375,9.5],"texture":"#0"},"south":{"uv":[0,9.5625,5.0625,10.125],"texture":"#0"},"west":{"uv":[0,8.9375,4.375,9.5],"texture":"#0"}}},{"from":[29.25,16,-9.5],"to":[-13.25,20.5,25.5],"rotation":{"angle":0,"axis":"y","origin":[9,17.5,36.75]},"faces":{"north":{"uv":[5.0625,9.5625,0,10.125],"texture":"#0"},"east":{"uv":[4.375,8.9375,0,9.5],"texture":"#0"},"south":{"uv":[5.0625,9.5625,0,10.125],"texture":"#0"},"west":{"uv":[4.375,8.9375,0,9.5],"texture":"#0"}}},{"from":[-13.25,16,-9.5],"to":[29.25,20.5,25.5],"rotation":{"angle":0,"axis":"y","origin":[6,17.5,36.75]},"faces":{"north":{"uv":[0,9.5625,5.0625,10.125],"texture":"#2","tintindex":0},"east":{"uv":[0,8.9375,4.375,9.5],"texture":"#2","tintindex":0},"south":{"uv":[0,9.5625,5.0625,10.125],"texture":"#2","tintindex":0},"west":{"uv":[0,8.9375,4.375,9.5],"texture":"#2","tintindex":0}}},{"from":[29.25,16,-9.5],"to":[-13.25,20.5,25.5],"rotation":{"angle":0,"axis":"y","origin":[9,17.5,36.75]},"faces":{"north":{"uv":[5.0625,9.5625,0,10.125],"texture":"#2","tintindex":0},"east":{"uv":[4.375,8.9375,0,9.5],"texture":"#2","tintindex":0},"south":{"uv":[5.0625,9.5625,0,10.125],"texture":"#2","tintindex":0},"west":{"uv":[4.375,8.9375,0,9.5],"texture":"#2","tintindex":0}}},{"from":[22,-0.06055,-5],"to":[25,24,-2],"rotation":{"angle":0,"axis":"y","origin":[7.25,0,12]},"faces":{"north":{"uv":[0,13,0.375,16],"texture":"#0"},"east":{"uv":[0,13,0.375,16],"texture":"#0"},"south":{"uv":[0,13,0.375,16],"texture":"#0"},"west":{"uv":[0,13,0.375,16],"texture":"#0"},"down":{"uv":[0.375,12.9375,0,12.5625],"texture":"#0"}}},{"from":[22.02911,15.87653,-9.13909],"to":[25.00371,21.37653,-6.13909],"rotation":{"angle":-45,"axis":"x","origin":[1.02715,21.37653,-7.88909]},"faces":{"north":{"uv":[0.875,15.3125,1.25,16],"texture":"#0"},"east":{"uv":[0.8125,14.5625,0.4375,15.25],"texture":"#0"},"south":{"uv":[0.4375,15.3125,0.8125,16],"texture":"#0"},"west":{"uv":[0.4375,14.5625,0.8125,15.25],"texture":"#0"}}},{"from":[22.91624,13.67678,-4.98644],"to":[25.91624,19.17678,-2.00987],"rotation":{"angle":-45,"axis":"z","origin":[28.91624,16.42678,-3.56066]},"faces":{"north":{"uv":[0.4375,14.5625,0.8125,15.25],"texture":"#0"},"east":{"uv":[0.875,15.3125,1.25,16],"texture":"#0"},"south":{"uv":[0.8125,14.5625,0.4375,15.25],"texture":"#0"},"west":{"uv":[0.4375,15.3125,0.8125,16],"texture":"#0"}}},{"from":[22.91624,13.67678,18.01769],"to":[25.91624,19.17678,20.99425],"rotation":{"angle":-45,"axis":"z","origin":[28.91624,16.42678,19.56066]},"faces":{"north":{"uv":[0.4375,14.5625,0.8125,15.25],"texture":"#0"},"east":{"uv":[1.25,15.3125,0.875,16],"texture":"#0"},"south":{"uv":[0.8125,14.5625,0.4375,15.25],"texture":"#0"},"west":{"uv":[0.8125,15.3125,0.4375,16],"texture":"#0"}}},{"from":[22.0213,15.87653,22.13909],"to":[24.9959,21.37653,25.13909],"rotation":{"angle":45,"axis":"x","origin":[1.02715,21.37653,23.88909]},"faces":{"north":{"uv":[0.8125,15.3125,0.4375,16],"texture":"#0"},"east":{"uv":[0.4375,14.5625,0.8125,15.25],"texture":"#0"},"south":{"uv":[1.25,15.3125,0.875,16],"texture":"#0"},"west":{"uv":[0.8125,14.5625,0.4375,15.25],"texture":"#0"}}},{"from":[22,-0.06055,18],"to":[25,24,21],"rotation":{"angle":0,"axis":"y","origin":[7.25,0,4]},"faces":{"north":{"uv":[0.375,13,0,16],"texture":"#0"},"east":{"uv":[0.375,13,0,16],"texture":"#0"},"south":{"uv":[0.375,13,0,16],"texture":"#0"},"west":{"uv":[0.375,13,0,16],"texture":"#0"},"down":{"uv":[0.375,12.5625,0,12.9375],"texture":"#0"}}},{"from":[-9,-0.06055,-5],"to":[-6,24,-2],"rotation":{"angle":0,"axis":"y","origin":[8.75,0,12]},"faces":{"north":{"uv":[0.375,13,0,16],"texture":"#0"},"east":{"uv":[0.375,13,0,16],"texture":"#0"},"south":{"uv":[0.375,13,0,16],"texture":"#0"},"west":{"uv":[0.375,13,0,16],"texture":"#0"},"down":{"uv":[0,12.9375,0.375,12.5625],"texture":"#0"}}},{"from":[-8.99199,15.87653,-9.13909],"to":[-6.01739,21.37653,-6.13909],"rotation":{"angle":-45,"axis":"x","origin":[14.97285,21.37653,-7.88909]},"faces":{"north":{"uv":[1.25,15.3125,0.875,16],"texture":"#0"},"east":{"uv":[0.8125,14.5625,0.4375,15.25],"texture":"#0"},"south":{"uv":[0.8125,15.3125,0.4375,16],"texture":"#0"},"west":{"uv":[0.4375,14.5625,0.8125,15.25],"texture":"#0"}}},{"from":[-9.91624,13.92678,-5.00597],"to":[-6.91624,19.17678,-2.02941],"rotation":{"angle":45,"axis":"z","origin":[-12.91624,16.42678,-3.56066]},"faces":{"north":{"uv":[0.8125,14.5625,0.4375,15.25],"texture":"#0"},"east":{"uv":[0.8125,15.3125,0.4375,16],"texture":"#0"},"south":{"uv":[0.4375,14.5625,0.8125,15.25],"texture":"#0"},"west":{"uv":[1.25,15.3125,0.875,16],"texture":"#0"}}},{"from":[-9,-0.06055,18],"to":[-6,24,21],"rotation":{"angle":0,"axis":"y","origin":[8.75,0,4]},"faces":{"north":{"uv":[0,13,0.375,16],"texture":"#0"},"east":{"uv":[0,13,0.375,16],"texture":"#0"},"south":{"uv":[0,13,0.375,16],"texture":"#0"},"west":{"uv":[0,13,0.375,16],"texture":"#0"},"down":{"uv":[0,12.5625,0.375,12.9375],"texture":"#0"}}},{"from":[-8.99199,15.87653,22.13909],"to":[-6.01739,21.37653,25.13909],"rotation":{"angle":45,"axis":"x","origin":[14.97285,21.37653,23.88909]},"faces":{"north":{"uv":[0.4375,15.3125,0.8125,16],"texture":"#0"},"east":{"uv":[0.4375,14.5625,0.8125,15.25],"texture":"#0"},"south":{"uv":[0.875,15.3125,1.25,16],"texture":"#0"},"west":{"uv":[0.8125,14.5625,0.4375,15.25],"texture":"#0"}}},{"from":[-9.91624,13.92678,18.01769],"to":[-6.91624,19.17678,20.99425],"rotation":{"angle":45,"axis":"z","origin":[-12.91624,16.42678,19.56066]},"faces":{"north":{"uv":[0.8125,14.5625,0.4375,15.25],"texture":"#0"},"east":{"uv":[0.4375,15.3125,0.8125,16],"texture":"#0"},"south":{"uv":[0.4375,14.5625,0.8125,15.25],"texture":"#0"},"west":{"uv":[0.875,15.3125,1.25,16],"texture":"#0"}}},{"from":[-6,8,-6.5],"to":[22,9,-2.5],"rotation":{"angle":0,"axis":"y","origin":[-0.5,0,4]},"faces":{"north":{"uv":[4.6875,12.8125,1.1875,12.875],"texture":"#0"},"east":{"uv":[1.1875,12.1875,1.25,12.6875],"rotation":90,"texture":"#0"},"south":{"uv":[1.1875,12.625,4.6875,12.6875],"texture":"#0"},"west":{"uv":[1.1875,12.6875,1.25,12.1875],"rotation":90,"texture":"#0"},"up":{"uv":[1.1875,12.1875,4.6875,12.6875],"texture":"#0"},"down":{"uv":[1.1875,12.0625,4.6875,11.5625],"texture":"#0"}}},{"from":[-0.25,24.5,2.5],"to":[16.25,25.5,13.5],"rotation":{"angle":0,"axis":"y","origin":[4,4,4]},"faces":{"north":{"uv":[5.125,10.875,7.1875,10.9375],"texture":"#0"},"east":{"uv":[7.125,9.5625,7.1875,10.9375],"rotation":90,"texture":"#0"},"south":{"uv":[5.125,9.5625,7.1875,9.625],"texture":"#0"},"west":{"uv":[5.125,9.5625,5.1875,10.9375],"rotation":90,"texture":"#0"},"up":{"uv":[5.125,9.5625,7.1875,10.9375],"texture":"#0"}}},{"from":[24.5,6.65234,1.5],"to":[25.5,7.65234,14.5],"rotation":{"angle":0,"axis":"y","origin":[12,4,4]},"faces":{"north":{"uv":[2.5,3.375,2.375,3.5],"rotation":90,"texture":"#0"},"east":{"uv":[2.375,3.625,4,3.6875],"texture":"#0"},"south":{"uv":[2.375,3.5,2.5,3.375],"rotation":90,"texture":"#0"},"up":{"uv":[4,3.6875,2.375,3.5625],"rotation":90,"texture":"#0"},"down":{"uv":[2.375,3.6875,4,3.5625],"rotation":90,"texture":"#0"}}},{"from":[-9.5,6.68359,1.5],"to":[-8.5,7.68359,14.5],"rotation":{"angle":0,"axis":"y","origin":[4,4,4]},"faces":{"north":{"uv":[2.5,3.5,2.375,3.375],"rotation":90,"texture":"#0"},"south":{"uv":[2.375,3.375,2.5,3.5],"rotation":90,"texture":"#0"},"west":{"uv":[2.375,3.625,4,3.6875],"texture":"#0"},"up":{"uv":[2.375,3.5625,4,3.6875],"rotation":90,"texture":"#0"},"down":{"uv":[4,3.5625,2.375,3.6875],"rotation":90,"texture":"#0"}}},{"from":[23.5,4,-7],"to":[24,20.5,-7],"rotation":{"angle":0,"axis":"y","origin":[4,4,4]},"faces":{"north":{"uv":[0.125,1.625,0.1875,3.6875],"texture":"#0"},"south":{"uv":[0.125,1.625,0.1875,3.6875],"texture":"#0"}}},{"from":[-7,4,-7],"to":[-6.5,20.5,-7],"rotation":{"angle":0,"axis":"y","origin":[4,4,4]},"faces":{"north":{"uv":[0.125,1.625,0.1875,3.6875],"texture":"#0"},"south":{"uv":[0.125,1.625,0.1875,3.6875],"texture":"#0"}}},{"from":[21.55761,13.31371,-7.5],"to":[26.05761,14.31371,-6.5],"rotation":{"angle":-22.5,"axis":"z","origin":[23.55761,13.81371,-7]},"faces":{"north":{"uv":[0,0.1875,0.5625,0.3125],"texture":"#0"},"south":{"uv":[0,0.1875,0.5625,0.3125],"texture":"#0"},"up":{"uv":[0,0,0.5625,0.125],"texture":"#0"},"down":{"uv":[0,0.5,0.5625,0.375],"texture":"#0"}}},{"from":[26.05761,13.31371,-7.5],"to":[21.55761,14.31371,-6.5],"rotation":{"angle":-22.5,"axis":"z","origin":[23.55761,13.81371,-7]},"faces":{"north":{"uv":[0.5625,0.1875,0,0.3125],"texture":"#0"},"south":{"uv":[0.5625,0.1875,0,0.3125],"texture":"#0"},"up":{"uv":[0.5625,0,0,0.125],"texture":"#0"},"down":{"uv":[0.5625,0.5,0,0.375],"texture":"#0"}}},{"from":[23.25761,13.26371,-7.55],"to":[24.35761,14.36371,-6.45],"rotation":{"angle":-22.5,"axis":"z","origin":[23.55761,13.81371,-7]},"faces":{"north":{"uv":[0,0.75,0.125,0.875],"texture":"#0"},"south":{"uv":[0.125,0.75,0,0.875],"texture":"#0"},"up":{"uv":[0,0.75,0.125,0.8125],"texture":"#0"},"down":{"uv":[0,0.875,0.125,0.8125],"texture":"#0"}}},{"from":[21.51976,10.12132,-7.5],"to":[26.01976,11.12132,-6.5],"rotation":{"angle":0,"axis":"y","origin":[34.87132,4.62132,-7]},"faces":{"north":{"uv":[0,0.1875,0.5625,0.3125],"texture":"#0"},"south":{"uv":[0,0.1875,0.5625,0.3125],"texture":"#0"},"up":{"uv":[0,0,0.5625,0.125],"texture":"#0"},"down":{"uv":[0,0.5,0.5625,0.375],"texture":"#0"}}},{"from":[26.01976,10.12132,-7.5],"to":[21.51976,11.12132,-6.5],"rotation":{"angle":0,"axis":"y","origin":[34.87132,4.62132,-7]},"faces":{"north":{"uv":[0.5625,0.1875,0,0.3125],"texture":"#0"},"south":{"uv":[0.5625,0.1875,0,0.3125],"texture":"#0"},"up":{"uv":[0.5625,0,0,0.125],"texture":"#0"},"down":{"uv":[0.5625,0.5,0,0.375],"texture":"#0"}}},{"from":[23.21976,10.07132,-7.55],"to":[24.31976,11.17132,-6.45],"rotation":{"angle":0,"axis":"y","origin":[34.87132,4.62132,-7]},"faces":{"north":{"uv":[0,0.75,0.125,0.875],"texture":"#0"},"south":{"uv":[0.125,0.75,0,0.875],"texture":"#0"},"up":{"uv":[0,0.75,0.125,0.8125],"texture":"#0"},"down":{"uv":[0,0.875,0.125,0.8125],"texture":"#0"}}},{"from":[22.62132,11.12132,-7.5],"to":[27.12132,12.12132,-6.5],"rotation":{"angle":22.5,"axis":"z","origin":[34.87132,7.12132,-7]},"faces":{"north":{"uv":[0,0.1875,0.5625,0.3125],"texture":"#0"},"south":{"uv":[0,0.1875,0.5625,0.3125],"texture":"#0"},"up":{"uv":[0,0,0.5625,0.125],"texture":"#0"},"down":{"uv":[0,0.5,0.5625,0.375],"texture":"#0"}}},{"from":[27.12132,11.12132,-7.5],"to":[22.62132,12.12132,-6.5],"rotation":{"angle":22.5,"axis":"z","origin":[34.87132,7.12132,-7]},"faces":{"north":{"uv":[0.5625,0.1875,0,0.3125],"texture":"#0"},"south":{"uv":[0.5625,0.1875,0,0.3125],"texture":"#0"},"up":{"uv":[0.5625,0,0,0.125],"texture":"#0"},"down":{"uv":[0.5625,0.5,0,0.375],"texture":"#0"}}},{"from":[24.32132,11.07132,-7.55],"to":[25.42132,12.17132,-6.45],"rotation":{"angle":22.5,"axis":"z","origin":[34.87132,7.12132,-7]},"faces":{"north":{"uv":[0,0.75,0.125,0.875],"texture":"#0"},"south":{"uv":[0.125,0.75,0,0.875],"texture":"#0"},"up":{"uv":[0,0.75,0.125,0.8125],"texture":"#0"},"down":{"uv":[0,0.875,0.125,0.8125],"texture":"#0"}}},{"from":[-7.25,6.5,-9],"to":[-4.75,9,-6.5],"rotation":{"angle":22.5,"axis":"z","origin":[3.1,6.125,-21.65]},"faces":{"north":{"uv":[0.6875,0,1,0.3125],"texture":"#0"},"east":{"uv":[0.6875,0,1,0.3125],"texture":"#0"},"south":{"uv":[0.6875,0,1,0.3125],"texture":"#0"},"west":{"uv":[0.6875,0,1,0.3125],"texture":"#0"},"up":{"uv":[1.0625,0,1.375,0.3125],"texture":"#0"},"down":{"uv":[0.6875,0.375,1,0.6875],"texture":"#0"}}},{"from":[-6.75,9,-8.5],"to":[-5.25,10,-7],"rotation":{"angle":22.5,"axis":"z","origin":[3.1,6.125,-21.65]},"faces":{"north":{"uv":[1.0625,0.625,1.25,0.75],"texture":"#0"},"east":{"uv":[1.0625,0.625,1.25,0.75],"texture":"#0"},"south":{"uv":[1.0625,0.625,1.25,0.75],"texture":"#0"},"west":{"uv":[1.0625,0.625,1.25,0.75],"texture":"#0"},"up":{"uv":[1.0625,0.375,1.25,0.5625],"texture":"#0"},"down":{"uv":[0,0,0,0],"texture":"#0"}}},{"from":[-6.8,9.05352,-8.55],"to":[-5.2,9.55,-6.95],"rotation":{"angle":22.5,"axis":"z","origin":[3.1,6.125,-21.65]},"faces":{"north":{"uv":[1.0625,0.8125,1.25,0.875],"texture":"#0"},"east":{"uv":[1.0625,0.8125,1.25,0.875],"texture":"#0"},"south":{"uv":[1.0625,0.8125,1.25,0.875],"texture":"#0"},"west":{"uv":[1.0625,0.8125,1.25,0.875],"texture":"#0"}}},{"from":[-3.75,15,-9],"to":[-1.25,17.5,-6.5],"rotation":{"angle":22.5,"axis":"z","origin":[3.1,6.125,-21.65]},"faces":{"north":{"uv":[0.6875,0,1,0.3125],"texture":"#0"},"east":{"uv":[0.6875,0,1,0.3125],"texture":"#0"},"south":{"uv":[0.6875,0,1,0.3125],"texture":"#0"},"west":{"uv":[0.6875,0,1,0.3125],"texture":"#0"},"up":{"uv":[1.0625,0,1.375,0.3125],"texture":"#0"},"down":{"uv":[0.6875,0.375,1,0.6875],"texture":"#0"}}},{"from":[-3.25,17.5,-8.5],"to":[-1.75,18.5,-7],"rotation":{"angle":22.5,"axis":"z","origin":[3.1,6.125,-21.65]},"faces":{"north":{"uv":[1.0625,0.625,1.25,0.75],"texture":"#0"},"east":{"uv":[1.0625,0.625,1.25,0.75],"texture":"#0"},"south":{"uv":[1.0625,0.625,1.25,0.75],"texture":"#0"},"west":{"uv":[1.0625,0.625,1.25,0.75],"texture":"#0"},"up":{"uv":[1.0625,0.375,1.25,0.5625],"texture":"#0"},"down":{"uv":[0,0,0,0],"texture":"#0"}}},{"from":[-3.3,17.55352,-8.55],"to":[-1.7,18.05,-6.95],"rotation":{"angle":22.5,"axis":"z","origin":[3.1,6.125,-21.65]},"faces":{"north":{"uv":[1.0625,0.8125,1.25,0.875],"texture":"#0"},"east":{"uv":[1.0625,0.8125,1.25,0.875],"texture":"#0"},"south":{"uv":[1.0625,0.8125,1.25,0.875],"texture":"#0"},"west":{"uv":[1.0625,0.8125,1.25,0.875],"texture":"#0"}}},{"from":[-8.25,0,-9],"to":[-5.75,2.5,-6.5],"rotation":{"angle":-22.5,"axis":"z","origin":[12.9,6.125,-21.65]},"faces":{"north":{"uv":[1,0,0.6875,0.3125],"texture":"#0"},"east":{"uv":[1,0,0.6875,0.3125],"texture":"#0"},"south":{"uv":[1,0,0.6875,0.3125],"texture":"#0"},"west":{"uv":[1,0,0.6875,0.3125],"texture":"#0"},"up":{"uv":[1.375,0,1.0625,0.3125],"texture":"#0"},"down":{"uv":[1,0.375,0.6875,0.6875],"texture":"#0"}}},{"from":[-7.75,2.5,-8.5],"to":[-6.25,3.5,-7],"rotation":{"angle":-22.5,"axis":"z","origin":[12.9,6.125,-21.65]},"faces":{"north":{"uv":[1.25,0.625,1.0625,0.75],"texture":"#0"},"east":{"uv":[1.25,0.625,1.0625,0.75],"texture":"#0"},"south":{"uv":[1.25,0.625,1.0625,0.75],"texture":"#0"},"west":{"uv":[1.25,0.625,1.0625,0.75],"texture":"#0"},"up":{"uv":[1.25,0.375,1.0625,0.5625],"texture":"#0"},"down":{"uv":[0,0,0,0],"texture":"#0"}}},{"from":[-7.8,2.55352,-8.55],"to":[-6.2,3.05,-6.95],"rotation":{"angle":-22.5,"axis":"z","origin":[12.9,6.125,-21.65]},"faces":{"north":{"uv":[1.25,0.8125,1.0625,0.875],"texture":"#0"},"east":{"uv":[1.25,0.8125,1.0625,0.875],"texture":"#0"},"south":{"uv":[1.25,0.8125,1.0625,0.875],"texture":"#0"},"west":{"uv":[1.25,0.8125,1.0625,0.875],"texture":"#0"}}},{"from":[0.34178,8.08088,15],"to":[2.84178,10.58088,17.5],"rotation":{"angle":22.5,"axis":"y","origin":[1.99178,10.20588,16.35]},"faces":{"north":{"uv":[1,0,0.6875,0.3125],"texture":"#0"},"east":{"uv":[1,0,0.6875,0.3125],"texture":"#0"},"south":{"uv":[1,0,0.6875,0.3125],"texture":"#0"},"west":{"uv":[1,0,0.6875,0.3125],"texture":"#0"},"up":{"uv":[1.375,0,1.0625,0.3125],"texture":"#0"},"down":{"uv":[1,0.375,0.6875,0.6875],"texture":"#0"}}},{"from":[0.84178,10.58088,15.5],"to":[2.34178,11.58088,17],"rotation":{"angle":22.5,"axis":"y","origin":[1.99178,10.20588,16.35]},"faces":{"north":{"uv":[1.25,0.625,1.0625,0.75],"texture":"#0"},"east":{"uv":[1.25,0.625,1.0625,0.75],"texture":"#0"},"south":{"uv":[1.25,0.625,1.0625,0.75],"texture":"#0"},"west":{"uv":[1.25,0.625,1.0625,0.75],"texture":"#0"},"up":{"uv":[1.25,0.375,1.0625,0.5625],"texture":"#0"},"down":{"uv":[0,0,0,0],"texture":"#0"}}},{"from":[0.79178,10.6344,15.45],"to":[2.39178,11.13088,17.05],"rotation":{"angle":22.5,"axis":"y","origin":[1.99178,10.20588,16.35]},"faces":{"north":{"uv":[1.25,0.8125,1.0625,0.875],"texture":"#0"},"east":{"uv":[1.25,0.8125,1.0625,0.875],"texture":"#0"},"south":{"uv":[1.25,0.8125,1.0625,0.875],"texture":"#0"},"west":{"uv":[1.25,0.8125,1.0625,0.875],"texture":"#0"}}},{"from":[4.59595,8.08088,15.50733],"to":[7.09595,10.58088,18.00733],"rotation":{"angle":0,"axis":"y","origin":[5.49595,10.20588,14.35733]},"faces":{"north":{"uv":[1,0,0.6875,0.3125],"texture":"#0"},"east":{"uv":[1,0,0.6875,0.3125],"texture":"#0"},"south":{"uv":[1,0,0.6875,0.3125],"texture":"#0"},"west":{"uv":[1,0,0.6875,0.3125],"texture":"#0"},"up":{"uv":[1.375,0,1.0625,0.3125],"texture":"#0"},"down":{"uv":[1,0.375,0.6875,0.6875],"texture":"#0"}}},{"from":[5.09595,10.58088,16.00733],"to":[6.59595,11.58088,17.50733],"rotation":{"angle":0,"axis":"y","origin":[5.49595,10.20588,14.35733]},"faces":{"north":{"uv":[1.25,0.625,1.0625,0.75],"texture":"#0"},"east":{"uv":[1.25,0.625,1.0625,0.75],"texture":"#0"},"south":{"uv":[1.25,0.625,1.0625,0.75],"texture":"#0"},"west":{"uv":[1.25,0.625,1.0625,0.75],"texture":"#0"},"up":{"uv":[1.25,0.375,1.0625,0.5625],"texture":"#0"},"down":{"uv":[0,0,0,0],"texture":"#0"}}},{"from":[5.04595,10.6344,15.95733],"to":[6.64595,11.13088,17.55733],"rotation":{"angle":0,"axis":"y","origin":[5.49595,10.20588,14.35733]},"faces":{"north":{"uv":[1.25,0.8125,1.0625,0.875],"texture":"#0"},"east":{"uv":[1.25,0.8125,1.0625,0.875],"texture":"#0"},"south":{"uv":[1.25,0.8125,1.0625,0.875],"texture":"#0"},"west":{"uv":[1.25,0.8125,1.0625,0.875],"texture":"#0"}}},{"from":[8.59595,8.08088,15.50733],"to":[11.09595,10.58088,18.00733],"rotation":{"angle":0,"axis":"y","origin":[5.49595,10.20588,14.35733]},"faces":{"north":{"uv":[1,0,0.6875,0.3125],"texture":"#0"},"east":{"uv":[1,0,0.6875,0.3125],"texture":"#0"},"south":{"uv":[1,0,0.6875,0.3125],"texture":"#0"},"west":{"uv":[1,0,0.6875,0.3125],"texture":"#0"},"up":{"uv":[1.375,0,1.0625,0.3125],"texture":"#0"},"down":{"uv":[1,0.375,0.6875,0.6875],"texture":"#0"}}},{"from":[9.09595,10.58088,16.00733],"to":[10.59595,11.58088,17.50733],"rotation":{"angle":0,"axis":"y","origin":[5.49595,10.20588,14.35733]},"faces":{"north":{"uv":[1.25,0.625,1.0625,0.75],"texture":"#0"},"east":{"uv":[1.25,0.625,1.0625,0.75],"texture":"#0"},"south":{"uv":[1.25,0.625,1.0625,0.75],"texture":"#0"},"west":{"uv":[1.25,0.625,1.0625,0.75],"texture":"#0"},"up":{"uv":[1.25,0.375,1.0625,0.5625],"texture":"#0"},"down":{"uv":[0,0,0,0],"texture":"#0"}}},{"from":[9.04595,10.6344,15.95733],"to":[10.64595,11.13088,17.55733],"rotation":{"angle":0,"axis":"y","origin":[5.49595,10.20588,14.35733]},"faces":{"north":{"uv":[1.25,0.8125,1.0625,0.875],"texture":"#0"},"east":{"uv":[1.25,0.8125,1.0625,0.875],"texture":"#0"},"south":{"uv":[1.25,0.8125,1.0625,0.875],"texture":"#0"},"west":{"uv":[1.25,0.8125,1.0625,0.875],"texture":"#0"}}},{"from":[-3.25,16,-4.75],"to":[19.25,20.5,-4.75],"rotation":{"angle":0,"axis":"y","origin":[4,4,4]},"faces":{"north":{"uv":[0,0,11.1875,2.25],"texture":"#1"},"south":{"uv":[0,0,11.1875,2.25],"texture":"#1"}}},{"from":[-3.5,16.75,19.75],"to":[19,21.25,19.75],"rotation":{"angle":0,"axis":"y","origin":[4,4,4]},"faces":{"north":{"uv":[0,0,11.1875,2.25],"texture":"#1"},"south":{"uv":[0,0,11.1875,2.25],"texture":"#1"}}},{"from":[25.08789,2.65234,2.25],"to":[25.08789,7.15234,13.75],"rotation":{"angle":0,"axis":"y","origin":[8,5.5,-4.75]},"faces":{"east":{"uv":[0,0.25,5.75,2.25],"texture":"#1"}}},{"from":[-9.08789,2.68359,2.25],"to":[-9.08789,7.18359,13.75],"rotation":{"angle":0,"axis":"y","origin":[8,5.5,-4.75]},"faces":{"west":{"uv":[5.75,0.25,0,2.25],"texture":"#1"}}},{"from":[-5.5,4.5,-6.75],"to":[21.5,9,-2.36133],"rotation":{"angle":0,"axis":"y","origin":[-0.5,0,4]},"faces":{"north":{"uv":[4.9375,0.5625,1.625,1.125],"texture":"#0"},"south":{"uv":[1.625,0.5625,4.9375,1.125],"texture":"#0"},"up":{"uv":[1.625,0.5,4.9375,0],"texture":"#0"}}},{"from":[21.5,4.5,-6.75],"to":[-5.5,9,-2.36133],"rotation":{"angle":0,"axis":"y","origin":[16.5,0,4]},"faces":{"north":{"uv":[1.625,0.5625,4.9375,1.125],"texture":"#0"},"south":{"uv":[4.9375,0.5625,1.625,1.125],"texture":"#0"},"up":{"uv":[4.9375,0.5,1.625,0],"texture":"#0"}}},{"from":[-8.5,0,-4.5],"to":[24.5,2,20.5],"rotation":{"angle":0,"axis":"y","origin":[-0.5,0,4]},"faces":{"north":{"uv":[8.375,8.5625,8.125,12.6875],"rotation":90,"texture":"#0"},"east":{"uv":[8.125,8.8125,11.25,8.5625],"texture":"#0"},"south":{"uv":[11,12.6875,11.25,8.5625],"rotation":90,"texture":"#0"},"west":{"uv":[8.125,12.4375,11.25,12.6875],"texture":"#0"},"up":{"uv":[15.25,12.6875,12.125,8.5625],"rotation":90,"texture":"#0"},"down":{"uv":[12.125,12.6875,15.25,8.5625],"rotation":90,"texture":"#0"}}},{"from":[24.04688,0,-4.03516],"to":[-8.05078,2,20.07422],"rotation":{"angle":0,"axis":"y","origin":[-0.5,0,4]},"faces":{"north":{"uv":[8.375,12.625,8.125,8.625],"rotation":90,"texture":"#0"},"east":{"uv":[8.1875,8.8125,11.1875,8.5625],"texture":"#0"},"south":{"uv":[11,8.625,11.25,12.625],"rotation":90,"texture":"#0"},"west":{"uv":[8.1875,12.4375,11.1875,12.6875],"texture":"#0"}}},{"from":[-8.5,2,-4.5],"to":[24.5,21,20.5],"faces":{"north":{"uv":[11.375,5.75,15.5,8.0625],"texture":"#2","tintindex":0},"east":{"uv":[7.1875,13.375,10.3125,15.6875],"texture":"#2","tintindex":0},"south":{"uv":[2.375,13.375,6.5,15.6875],"texture":"#2","tintindex":0},"west":{"uv":[7.1875,13.375,10.3125,15.6875],"texture":"#2","tintindex":0}}},{"from":[-8.5,2,-4.5],"to":[24.5,21,20.5],"faces":{"east":{"uv":[7.1875,13.375,10.3125,15.6875],"texture":"#0"},"west":{"uv":[7.1875,13.375,10.3125,15.6875],"texture":"#0"}}},{"from":[-8.5,2,-4.5],"to":[24.5,21,20.5],"faces":{"north":{"uv":[11.375,5.75,15.5,8.0625],"texture":"#0"},"east":{"uv":[7.1875,13.375,10.3125,15.6875],"texture":"#0"},"south":{"uv":[2.375,13.375,6.5,15.6875],"texture":"#0"},"west":{"uv":[7.1875,13.375,10.3125,15.6875],"texture":"#0"}}},{"from":[24.5,2,-4.5],"to":[-8.5,21,20.5],"rotation":{"angle":0,"axis":"y","origin":[1,0,0]},"faces":{"north":{"uv":[11.375,5.75,15.5,8.0625],"texture":"#2","tintindex":0},"east":{"uv":[7.1875,13.375,10.3125,15.6875],"texture":"#2","tintindex":0},"south":{"uv":[2.375,13.375,6.5,15.6875],"texture":"#2","tintindex":0},"west":{"uv":[7.1875,13.375,10.3125,15.6875],"texture":"#2","tintindex":0}}},{"from":[24.5,2,-4.5],"to":[-8.5,21,20.5],"rotation":{"angle":0,"axis":"y","origin":[1,0,0]},"faces":{"east":{"uv":[7.1875,13.375,10.3125,15.6875],"texture":"#0"},"west":{"uv":[7.1875,13.375,10.3125,15.6875],"texture":"#0"}}},{"from":[13.5,0.07031,14],"to":[22,16.07031,20.5],"rotation":{"angle":0,"axis":"y","origin":[4,3.82031,4]},"faces":{"north":{"uv":[7.125,0.8125,8.1875,2.8125],"texture":"#0"},"east":{"uv":[6.375,0.8125,7.1875,2.8125],"texture":"#0"},"west":{"uv":[6.375,0.8125,7.1875,2.8125],"texture":"#0"},"up":{"uv":[7.125,0.875,8.1875,0.0625],"texture":"#0"},"down":{"uv":[8.1875,3.5625,7.125,2.75],"texture":"#0"}}},{"from":[-2,0.07031,14],"to":[13.5,8.07031,20.5],"rotation":{"angle":0,"axis":"y","origin":[4,3.82031,4]},"faces":{"north":{"uv":[8.1875,1.8125,10.125,2.8125],"texture":"#0"},"west":{"uv":[10.0625,1.8125,10.875,2.8125],"texture":"#0"},"up":{"uv":[10.125,1.875,8.1875,1.0625],"texture":"#0"},"down":{"uv":[10.125,3.5625,8.1875,2.75],"texture":"#0"}}},{"from":[-4,0.32031,16],"to":[-2.5,16.32031,17.5],"rotation":{"angle":-22.5,"axis":"z","origin":[-5.25,7.82031,15.25]},"faces":{"north":{"uv":[5.625,0.8125,5.8125,2.8125],"texture":"#0"},"east":{"uv":[5.625,0.8125,5.8125,2.8125],"texture":"#0"},"south":{"uv":[5.625,0.8125,5.8125,2.8125],"texture":"#0"},"west":{"uv":[5.625,0.8125,5.8125,2.8125],"texture":"#0"},"up":{"uv":[5.625,2.875,5.8125,3.0625],"texture":"#0"},"down":{"uv":[5.625,2.875,5.8125,3.0625],"texture":"#0"}}}],"gui_light":"front","display":{"thirdperson_righthand":{"rotation":[75,45,0],"translation":[1.75,7.75,2],"scale":[0.375,0.375,0.375]},"thirdperson_lefthand":{"rotation":[75,45,0],"translation":[1.75,7.75,2],"scale":[0.375,0.375,0.375]},"firstperson_righthand":{"rotation":[0,45,0],"translation":[5.25,2.75,0],"scale":[0.4,0.4,0.4]},"firstperson_lefthand":{"rotation":[0,45,0],"translation":[5.25,2.75,0],"scale":[0.4,0.4,0.4]},"ground":{"translation":[0,3.5,0],"scale":[0.3418,0.3418,0.3418]},"gui":{"rotation":[30,225,0],"translation":[0,-1.25,0],"scale":[0.27539,0.27539,0.27539]},"head":{"translation":[-39.5,-17.75,51.25],"scale":[3.19922,3.19922,3.19922]},"fixed":{"rotation":[-90,0,0],"translation":[-49.5,32.5,-31.75],"scale":[4,4,4]}},"groups":[{"name":"group","origin":[8,8,8],"color":0,"children":[{"name":"group","origin":[8,8,8],"color":0,"children":[0]},{"name":"group","origin":[8,8,8],"color":0,"children":[1]},{"name":"group","origin":[8,8,8],"color":0,"children":[2]},{"name":"group","origin":[8,8,8],"color":0,"children":[3,4]},{"name":"group","origin":[8,8,8],"color":0,"children":[5,6]},{"name":"group","origin":[48.83247,25.35356,-14.12132],"color":0,"children":[7,8,9,10,11,12,{"name":"group","origin":[48.83247,25.35356,-14.12132],"color":0,"children":[13,14,15,16,17,18]}]},{"name":"group","origin":[8,8,8],"color":0,"children":[19]},{"name":"group","origin":[8,8,8],"color":0,"children":[20]},{"name":"group","origin":[8,8,8],"color":0,"children":[21,22]},{"name":"group","origin":[0,0,0],"color":0,"children":[23,24]},{"name":"group","origin":[8,8,8],"color":0,"children":[25,26,27,{"name":"group","origin":[8,8,8],"color":0,"children":[28,29,30,{"name":"group","origin":[8,8,8],"color":0,"children":[31,32,33]}]}]},{"name":"group","origin":[8,8,8],"color":0,"children":[34,35,36,{"name":"group","origin":[8,8,8],"color":0,"children":[37,38,39,{"name":"group","origin":[8,8,8],"color":0,"children":[40,41,42]},{"name":"group","origin":[8,8,8],"color":0,"children":[43,44,45]},{"name":"group","origin":[8,8,8],"color":0,"children":[46,47,48]},{"name":"group","origin":[8,8,8],"color":0,"children":[49,50,51]}]}]},{"name":"group","origin":[8,8,8],"color":0,"children":[52,53,54,55]},{"name":"group","origin":[-9,-8,0],"color":0,"children":[56,57]},{"name":"group","origin":[8,8,8],"color":0,"children":[58,59]},60,61,62,63,64,{"name":"group","origin":[8,8,8],"color":0,"children":[65,66]},{"name":"group","origin":[8,8,8],"color":0,"children":[67]}]}],"mcmodels":"b383fad469164c3f1b58291b8b98aba4"}