{"cubee-cerberus":{"sounds":["cubees_v19:cubee-cerberus"]},"cubee-chimera":{"sounds":["cubees_v19:cubee-chimera"]},"cubee-crescent_guard":{"sounds":["cubees_v19:cubee-crescent_guard"]},"cubee-kirin":{"sounds":["cubees_v19:cubee-kirin"]},"cubee-kumiho":{"sounds":["cubees_v19:cubee-kumiho"]},"cubee-maneki_neko":{"sounds":["cubees_v19:cubee-maneki_neko"]},"cubee-shinami":{"sounds":["cubees_v19:cubee-shinami"]},"cubee-solar_guard":{"sounds":["cubees_v19:cubee-solar_guard"]},"cubee-unicorn":{"sounds":["cubees_v19:cubee-unicorn"]},"cubee-yeti":{"sounds":["cubees_v19:cubee-yeti"]},"mcmodels.dc6f9b44c7b99dd1c283fe9ca908f034":{"category":"master","sounds":[]}}