{
	"credit": "Made by samus2002",
	"textures": {
		"0": "mage:mage_texture/inferno_chains",
		"particle": "mage:mage_texture/inferno_chains"
	},
	"elements": [
		{
			"from": [0, 24.92388, 0],
			"to": [16, 24.92388, 16],
			"rotation": {"angle": -45, "axis": "y", "origin": [8, 25.43638, 8]},
			"faces": {
				"north": {"uv": [0, 0, 16, 0], "texture": "#0"},
				"east": {"uv": [0, 0, 16, 0], "texture": "#0"},
				"south": {"uv": [0, 0, 16, 0], "texture": "#0"},
				"west": {"uv": [0, 0, 16, 0], "texture": "#0"},
				"up": {"uv": [6.5, 5.75, 10.5, 9.75], "rotation": 90, "texture": "#0"},
				"down": {"uv": [6.5, 9.75, 10.5, 5.75], "rotation": 270, "texture": "#0"}
			}
		},
		{
			"from": [-4, 25.92388, -4],
			"to": [20, 25.92388, 20],
			"rotation": {"angle": 0, "axis": "z", "origin": [8, 25.43638, 8]},
			"faces": {
				"north": {"uv": [0, 0, 16, 0], "texture": "#0"},
				"east": {"uv": [0, 0, 16, 0], "texture": "#0"},
				"south": {"uv": [0, 0, 16, 0], "texture": "#0"},
				"west": {"uv": [0, 0, 16, 0], "texture": "#0"},
				"up": {"uv": [5, 10, 11, 16], "texture": "#0"},
				"down": {"uv": [5, 16, 11, 10], "texture": "#0"}
			}
		},
		{
			"from": [-4, 25.94888, -4],
			"to": [20, 25.94888, 20],
			"rotation": {"angle": 45, "axis": "y", "origin": [8, 25.43638, 8]},
			"faces": {
				"north": {"uv": [0, 0, 16, 0], "texture": "#0"},
				"east": {"uv": [0, 0, 16, 0], "texture": "#0"},
				"south": {"uv": [0, 0, 16, 0], "texture": "#0"},
				"west": {"uv": [0, 0, 16, 0], "texture": "#0"},
				"up": {"uv": [9, 0, 15, 6], "texture": "#0"},
				"down": {"uv": [9, 6, 15, 0], "texture": "#0"}
			}
		}
	],
	"display": {
		"thirdperson_righthand": {
			"rotation": [118, 0, 0],
			"translation": [-6, -27.75, 36.25],
			"scale": [3.5, 3.5, 3.5]
		},
		"head": {
			"rotation": [18, 0, 0],
			"translation": [0, 11.75, 7.25],
			"scale": [4, 4, 4]
		}
	}
}