{
	"credit": "Made by samus2002",
	"textures": {
		"0": "mage:mage_texture/inferno_chains",
		"particle": "mage:mage_texture/inferno_chains"
	},
	"elements": [
		{
			"from": [-0.8, 24.87263, -0.8],
			"to": [16.8, 24.87263, 16.8],
			"rotation": {"angle": -45, "axis": "y", "origin": [8, 25.43638, 8]},
			"faces": {
				"north": {"uv": [0, 0, 16, 0], "texture": "#0"},
				"east": {"uv": [0, 0, 16, 0], "texture": "#0"},
				"south": {"uv": [0, 0, 16, 0], "texture": "#0"},
				"west": {"uv": [0, 0, 16, 0], "texture": "#0"},
				"up": {"uv": [6.5, 5.75, 10.5, 9.75], "rotation": 90, "texture": "#0"},
				"down": {"uv": [6.5, 9.75, 10.5, 5.75], "rotation": 270, "texture": "#0"}
			}
		},
		{
			"from": [-5.2, 25.97263, -5.2],
			"to": [21.2, 25.97263, 21.2],
			"rotation": {"angle": 0, "axis": "z", "origin": [8, 25.43638, 8]},
			"faces": {
				"north": {"uv": [0, 0, 16, 0], "texture": "#0"},
				"east": {"uv": [0, 0, 16, 0], "texture": "#0"},
				"south": {"uv": [0, 0, 16, 0], "texture": "#0"},
				"west": {"uv": [0, 0, 16, 0], "texture": "#0"},
				"up": {"uv": [5, 10, 11, 16], "texture": "#0"},
				"down": {"uv": [5, 16, 11, 10], "texture": "#0"}
			}
		},
		{
			"from": [-5.2, 26.00013, -5.2],
			"to": [21.2, 26.00013, 21.2],
			"rotation": {"angle": 45, "axis": "y", "origin": [8, 25.43638, 8]},
			"faces": {
				"north": {"uv": [0, 0, 16, 0], "texture": "#0"},
				"east": {"uv": [0, 0, 16, 0], "texture": "#0"},
				"south": {"uv": [0, 0, 16, 0], "texture": "#0"},
				"west": {"uv": [0, 0, 16, 0], "texture": "#0"},
				"up": {"uv": [9, 0, 15, 6], "texture": "#0"},
				"down": {"uv": [9, 6, 15, 0], "texture": "#0"}
			}
		},
		{
			"from": [8, 19.27222, 6.5],
			"to": [8, 24.27222, 9.5],
			"rotation": {"angle": 0, "axis": "z", "origin": [15, 9.27222, 8]},
			"faces": {
				"north": {"uv": [4.75, 6.75, 4.75, 8], "rotation": 180, "texture": "#0"},
				"east": {"uv": [4.5, 5.5, 5.75, 6.25], "rotation": 270, "texture": "#0"},
				"south": {"uv": [4.5, 8, 4.5, 6.75], "texture": "#0"},
				"west": {"uv": [0, 5.75, 1.25, 6.5], "rotation": 90, "texture": "#0"},
				"up": {"uv": [6.75, 2.25, 6.75, 3], "rotation": 180, "texture": "#0"},
				"down": {"uv": [3.25, 6.75, 3.25, 7.5], "texture": "#0"}
			}
		}
	],
	"display": {
		"thirdperson_righthand": {
			"rotation": [118, 0, 0],
			"translation": [-6, -27.75, 36.25],
			"scale": [3.5, 3.5, 3.5]
		},
		"head": {
			"rotation": [18, 0, 0],
			"translation": [0, 11.75, 7.25],
			"scale": [4, 4, 4]
		}
	}
}