{
	"credit": "Made with Blockbench",
	"textures": {
		"0": "block/lightning_rod_on",
		"1": "block/bamboo_stalk",
		"particle": "block/lightning_rod_on"
	},
	"elements": [
		{
			"from": [3.143, 1.275, 10.935],
			"to": [3.643, 2, 11.21],
			"rotation": {"angle": 22.5, "axis": "y", "origin": [3.15, 1.55, 12.475]},
			"faces": {
				"north": {"uv": [0.5, 0.5, 1, 0.8], "texture": "#1"},
				"east": {"uv": [0.5, 0.5, 1, 0.8], "texture": "#1"},
				"south": {"uv": [0.5, 0.5, 1, 0.8], "texture": "#1"},
				"west": {"uv": [0.5, 0.5, 1, 0.8], "texture": "#1"},
				"up": {"uv": [0, 0, 0.5, 0.5], "rotation": 90, "texture": "#0"},
				"down": {"uv": [0, 0, 0.5, 0.5], "rotation": 270, "texture": "#0"}
			}
		},
		{
			"from": [3.143, 1.575, 11.21],
			"to": [3.643, 2, 11.46],
			"rotation": {"angle": 22.5, "axis": "y", "origin": [3.15, 1.55, 12.475]},
			"faces": {
				"north": {"uv": [0.5, 0.5, 1, 0.8], "texture": "#1"},
				"east": {"uv": [0.5, 0.5, 1, 0.8], "texture": "#1"},
				"south": {"uv": [0.5, 0.5, 1, 0.8], "texture": "#1"},
				"west": {"uv": [0.5, 0.5, 1, 0.8], "texture": "#1"},
				"up": {"uv": [0, 0, 0.5, 0.5], "rotation": 90, "texture": "#0"},
				"down": {"uv": [0, 0, 0.5, 0.5], "rotation": 270, "texture": "#0"}
			}
		},
		{
			"from": [3.143, 1.875, 11.46],
			"to": [3.643, 2, 11.685],
			"rotation": {"angle": 22.5, "axis": "y", "origin": [3.15, 1.55, 12.475]},
			"faces": {
				"north": {"uv": [0.5, 0.5, 1, 0.8], "texture": "#1"},
				"east": {"uv": [0.5, 0.5, 1, 0.8], "texture": "#1"},
				"south": {"uv": [0.5, 0.5, 1, 0.8], "texture": "#1"},
				"west": {"uv": [0.5, 0.5, 1, 0.8], "texture": "#1"},
				"up": {"uv": [0, 0, 0.5, 0.5], "rotation": 90, "texture": "#0"},
				"down": {"uv": [0, 0, 0.5, 0.5], "rotation": 270, "texture": "#0"}
			}
		},
		{
			"from": [1.689, 1.05, 9.9],
			"to": [2.214, 2, 11.225],
			"rotation": {"angle": 22.5, "axis": "y", "origin": [1.7, 1.55, 8.95]},
			"faces": {
				"north": {"uv": [0.5, 0.5, 1, 0.8], "texture": "#1"},
				"east": {"uv": [0.5, 0.5, 1, 0.8], "texture": "#1"},
				"south": {"uv": [0.5, 0.5, 1, 0.8], "texture": "#1"},
				"west": {"uv": [0.5, 0.5, 1, 0.8], "texture": "#1"},
				"up": {"uv": [0, 0, 0.5, 0.5], "texture": "#0"},
				"down": {"uv": [0, 0, 0.5, 0.5], "texture": "#0"}
			}
		},
		{
			"from": [1.689, 0.875, 9.45],
			"to": [2.214, 2, 9.9],
			"rotation": {"angle": 22.5, "axis": "y", "origin": [1.7, 1.55, 8.95]},
			"faces": {
				"north": {"uv": [0.5, 0.5, 1, 0.8], "texture": "#1"},
				"east": {"uv": [0.5, 0.5, 1, 0.8], "texture": "#1"},
				"south": {"uv": [0.5, 0.5, 1, 0.8], "texture": "#1"},
				"west": {"uv": [0.5, 0.5, 1, 0.8], "texture": "#1"},
				"up": {"uv": [0, 0, 0.5, 0.5], "texture": "#0"},
				"down": {"uv": [0, 0, 0.5, 0.5], "texture": "#0"}
			}
		},
		{
			"from": [1.689, 0.575, 8.95],
			"to": [2.214, 2, 9.45],
			"rotation": {"angle": 22.5, "axis": "y", "origin": [1.7, 1.55, 8.95]},
			"faces": {
				"north": {"uv": [0.5, 0.5, 1, 0.8], "texture": "#1"},
				"east": {"uv": [0.5, 0.5, 1, 0.8], "texture": "#1"},
				"south": {"uv": [0.5, 0.5, 1, 0.8], "texture": "#1"},
				"west": {"uv": [0.5, 0.5, 1, 0.8], "texture": "#1"},
				"up": {"uv": [0, 0, 0.5, 0.5], "texture": "#0"},
				"down": {"uv": [0, 0, 0.5, 0.5], "texture": "#0"}
			}
		},
		{
			"from": [1.689, 0.3, 8.45],
			"to": [2.214, 2, 8.95],
			"rotation": {"angle": 22.5, "axis": "y", "origin": [1.7, 1.55, 8.95]},
			"faces": {
				"north": {"uv": [0.5, 0.5, 1, 0.8], "texture": "#1"},
				"east": {"uv": [0.5, 0.5, 1, 0.8], "texture": "#1"},
				"south": {"uv": [0.5, 0.5, 1, 0.8], "texture": "#1"},
				"west": {"uv": [0.5, 0.5, 1, 0.8], "texture": "#1"},
				"up": {"uv": [0, 0, 0.5, 0.5], "texture": "#0"},
				"down": {"uv": [0, 0, 0.5, 0.5], "texture": "#0"}
			}
		},
		{
			"from": [1.5, 0.3, 5.5],
			"to": [2, 2, 8.5],
			"rotation": {"angle": 0, "axis": "y", "origin": [1.5, 0.3, 5.5]},
			"faces": {
				"north": {"uv": [0, 0, 0.5, 0.3], "texture": "#1"},
				"east": {"uv": [0, 0, 0.5, 0.3], "texture": "#1"},
				"south": {"uv": [0, 0, 0.5, 0.3], "texture": "#1"},
				"west": {"uv": [0, 0, 0.5, 0.3], "texture": "#1"},
				"up": {"uv": [0, 0, 0.5, 0.5], "texture": "#0"},
				"down": {"uv": [0, 0, 0.5, 0.5], "texture": "#0"}
			}
		},
		{
			"from": [3.125, 0.3, 1.425],
			"to": [3.625, 2, 1.925],
			"rotation": {"angle": -22.5, "axis": "y", "origin": [3.125, 0.3, 1.425]},
			"faces": {
				"north": {"uv": [0, 0, 0.5, 0.3], "texture": "#1"},
				"east": {"uv": [0, 0, 0.5, 0.3], "texture": "#1"},
				"south": {"uv": [0, 0, 0.5, 0.3], "texture": "#1"},
				"west": {"uv": [0, 0, 0.5, 0.3], "texture": "#1"},
				"up": {"uv": [0, 0, 0.5, 0.5], "texture": "#0"},
				"down": {"uv": [0, 0, 0.5, 0.5], "texture": "#0"}
			}
		},
		{
			"from": [2.95, 0.3, 1.875],
			"to": [3.45, 2, 2.375],
			"rotation": {"angle": -22.5, "axis": "y", "origin": [2.95, 0.3, 1.875]},
			"faces": {
				"north": {"uv": [0, 0, 0.5, 0.3], "texture": "#1"},
				"east": {"uv": [0, 0, 0.5, 0.3], "texture": "#1"},
				"south": {"uv": [0, 0, 0.5, 0.3], "texture": "#1"},
				"west": {"uv": [0, 0, 0.5, 0.3], "texture": "#1"},
				"up": {"uv": [0, 0, 0.5, 0.5], "texture": "#0"},
				"down": {"uv": [0, 0, 0.5, 0.5], "texture": "#0"}
			}
		},
		{
			"from": [2.775, 0.3, 2.325],
			"to": [3.275, 2, 2.825],
			"rotation": {"angle": -22.5, "axis": "y", "origin": [2.775, 0.3, 2.325]},
			"faces": {
				"north": {"uv": [0, 0, 0.5, 0.3], "texture": "#1"},
				"east": {"uv": [0, 0, 0.5, 0.3], "texture": "#1"},
				"south": {"uv": [0, 0, 0.5, 0.3], "texture": "#1"},
				"west": {"uv": [0, 0, 0.5, 0.3], "texture": "#1"},
				"up": {"uv": [0, 0, 0.5, 0.5], "texture": "#0"},
				"down": {"uv": [0, 0, 0.5, 0.5], "texture": "#0"}
			}
		},
		{
			"from": [2.6, 0.3, 2.775],
			"to": [3.1, 2, 3.275],
			"rotation": {"angle": -22.5, "axis": "y", "origin": [2.6, 0.3, 2.775]},
			"faces": {
				"north": {"uv": [0, 0, 0.5, 0.3], "texture": "#1"},
				"east": {"uv": [0, 0, 0.5, 0.3], "texture": "#1"},
				"south": {"uv": [0, 0, 0.5, 0.3], "texture": "#1"},
				"west": {"uv": [0, 0, 0.5, 0.3], "texture": "#1"},
				"up": {"uv": [0, 0, 0.5, 0.5], "texture": "#0"},
				"down": {"uv": [0, 0, 0.5, 0.5], "texture": "#0"}
			}
		},
		{
			"from": [2.425, 0.3, 3.225],
			"to": [2.925, 2, 3.725],
			"rotation": {"angle": -22.5, "axis": "y", "origin": [2.425, 0.3, 3.225]},
			"faces": {
				"north": {"uv": [0, 0, 0.5, 0.3], "texture": "#1"},
				"east": {"uv": [0, 0, 0.5, 0.3], "texture": "#1"},
				"south": {"uv": [0, 0, 0.5, 0.3], "texture": "#1"},
				"west": {"uv": [0, 0, 0.5, 0.3], "texture": "#1"},
				"up": {"uv": [0, 0, 0.5, 0.5], "texture": "#0"},
				"down": {"uv": [0, 0, 0.5, 0.5], "texture": "#0"}
			}
		},
		{
			"from": [2.25, 0.3, 3.675],
			"to": [2.75, 2, 4.175],
			"rotation": {"angle": -22.5, "axis": "y", "origin": [2.25, 0.3, 3.675]},
			"faces": {
				"north": {"uv": [0, 0, 0.5, 0.3], "texture": "#1"},
				"east": {"uv": [0, 0, 0.5, 0.3], "texture": "#1"},
				"south": {"uv": [0, 0, 0.5, 0.3], "texture": "#1"},
				"west": {"uv": [0, 0, 0.5, 0.3], "texture": "#1"},
				"up": {"uv": [0, 0, 0.5, 0.5], "texture": "#0"},
				"down": {"uv": [0, 0, 0.5, 0.5], "texture": "#0"}
			}
		},
		{
			"from": [2.075, 0.3, 4.125],
			"to": [2.575, 2, 4.625],
			"rotation": {"angle": -22.5, "axis": "y", "origin": [2.075, 0.3, 4.125]},
			"faces": {
				"north": {"uv": [0, 0, 0.5, 0.3], "texture": "#1"},
				"east": {"uv": [0, 0, 0.5, 0.3], "texture": "#1"},
				"south": {"uv": [0, 0, 0.5, 0.3], "texture": "#1"},
				"west": {"uv": [0, 0, 0.5, 0.3], "texture": "#1"},
				"up": {"uv": [0, 0, 0.5, 0.5], "texture": "#0"},
				"down": {"uv": [0, 0, 0.5, 0.5], "texture": "#0"}
			}
		},
		{
			"from": [1.885, 0.3, 4.575],
			"to": [2.385, 2, 5.075],
			"rotation": {"angle": -22.5, "axis": "y", "origin": [1.875, 0.3, 4.575]},
			"faces": {
				"north": {"uv": [0, 0, 0.5, 0.3], "texture": "#1"},
				"east": {"uv": [0, 0, 0.5, 0.3], "texture": "#1"},
				"south": {"uv": [0, 0, 0.5, 0.3], "texture": "#1"},
				"west": {"uv": [0, 0, 0.5, 0.3], "texture": "#1"},
				"up": {"uv": [0, 0, 0.5, 0.5], "texture": "#0"},
				"down": {"uv": [0, 0, 0.5, 0.5], "texture": "#0"}
			}
		},
		{
			"from": [1.7, 0.3, 5.04],
			"to": [2.2, 2, 5.54],
			"rotation": {"angle": -22.5, "axis": "y", "origin": [1.7, 0.3, 5.025]},
			"faces": {
				"north": {"uv": [0, 0, 0.5, 0.3], "texture": "#1"},
				"east": {"uv": [0, 0, 0.5, 0.3], "texture": "#1"},
				"south": {"uv": [0, 0, 0.5, 0.3], "texture": "#1"},
				"west": {"uv": [0, 0, 0.5, 0.3], "texture": "#1"},
				"up": {"uv": [0, 0, 0.5, 0.5], "texture": "#0"},
				"down": {"uv": [0, 0, 0.5, 0.5], "texture": "#0"}
			}
		},
		{
			"from": [3.475, 0.3, 1.075],
			"to": [3.975, 2, 1.575],
			"rotation": {"angle": -45, "axis": "y", "origin": [3.475, 0.3, 1.075]},
			"faces": {
				"north": {"uv": [0, 0, 0.5, 0.3], "texture": "#1"},
				"east": {"uv": [0, 0, 0.5, 0.3], "texture": "#1"},
				"south": {"uv": [0, 0, 0.5, 0.3], "texture": "#1"},
				"west": {"uv": [0, 0, 0.5, 0.3], "texture": "#1"},
				"up": {"uv": [0, 0, 0.5, 0.5], "texture": "#0"},
				"down": {"uv": [0, 0, 0.5, 0.5], "texture": "#0"}
			}
		},
		{
			"from": [3.825, 0.3, 0.725],
			"to": [4.325, 2, 1.225],
			"rotation": {"angle": -45, "axis": "y", "origin": [3.825, 0.3, 0.725]},
			"faces": {
				"north": {"uv": [0, 0, 0.5, 0.3], "texture": "#1"},
				"east": {"uv": [0, 0, 0.5, 0.3], "texture": "#1"},
				"south": {"uv": [0, 0, 0.5, 0.3], "texture": "#1"},
				"west": {"uv": [0, 0, 0.5, 0.3], "texture": "#1"},
				"up": {"uv": [0, 0, 0.5, 0.5], "texture": "#0"},
				"down": {"uv": [0, 0, 0.5, 0.5], "texture": "#0"}
			}
		},
		{
			"from": [4.175, 0.3, 0.375],
			"to": [4.675, 2, 0.875],
			"rotation": {"angle": -45, "axis": "y", "origin": [4.175, 0.3, 0.375]},
			"faces": {
				"north": {"uv": [0, 0, 0.5, 0.3], "texture": "#1"},
				"east": {"uv": [0, 0, 0.5, 0.3], "texture": "#1"},
				"south": {"uv": [0, 0, 0.5, 0.3], "texture": "#1"},
				"west": {"uv": [0, 0, 0.5, 0.3], "texture": "#1"},
				"up": {"uv": [0, 0, 0.5, 0.5], "texture": "#0"},
				"down": {"uv": [0, 0, 0.5, 0.5], "texture": "#0"}
			}
		},
		{
			"from": [4.525, 0.3, 0.025],
			"to": [5.025, 2, 0.525],
			"rotation": {"angle": -45, "axis": "y", "origin": [4.525, 0.3, 0.025]},
			"faces": {
				"north": {"uv": [0, 0, 0.5, 0.3], "texture": "#1"},
				"east": {"uv": [0, 0, 0.5, 0.3], "texture": "#1"},
				"south": {"uv": [0, 0, 0.5, 0.3], "texture": "#1"},
				"west": {"uv": [0, 0, 0.5, 0.3], "texture": "#1"},
				"up": {"uv": [0, 0, 0.5, 0.5], "texture": "#0"},
				"down": {"uv": [0, 0, 0.5, 0.5], "texture": "#0"}
			}
		},
		{
			"from": [4.525, 0.3, -2.975],
			"to": [5.025, 0.5, 0.025],
			"rotation": {"angle": -45, "axis": "y", "origin": [4.525, 0.3, 0.025]},
			"faces": {
				"north": {"uv": [0, 0, 0.5, 0.3], "texture": "#1"},
				"east": {"uv": [0, 0, 0.5, 0.3], "texture": "#1"},
				"south": {"uv": [0, 0, 0.5, 0.3], "texture": "#1"},
				"west": {"uv": [0, 0, 0.5, 0.3], "texture": "#1"},
				"up": {"uv": [0, 0, 0.5, 0.5], "texture": "#0"},
				"down": {"uv": [0, 0, 0.5, 0.5], "texture": "#0"}
			}
		},
		{
			"from": [4.525, 0.5, -2.475],
			"to": [5.025, 0.8, 0.025],
			"rotation": {"angle": -45, "axis": "y", "origin": [4.525, 0.5, 0.025]},
			"faces": {
				"north": {"uv": [0, 0, 0.5, 0.3], "texture": "#1"},
				"east": {"uv": [0, 0, 0.5, 0.3], "texture": "#1"},
				"south": {"uv": [0, 0, 0.5, 0.3], "texture": "#1"},
				"west": {"uv": [0, 0, 0.5, 0.3], "texture": "#1"},
				"up": {"uv": [0, 0, 0.5, 0.5], "texture": "#0"},
				"down": {"uv": [0, 0, 0.5, 0.5], "texture": "#0"}
			}
		},
		{
			"from": [4.525, 0.8, -1.975],
			"to": [5.025, 1.1, 0.025],
			"rotation": {"angle": -45, "axis": "y", "origin": [4.525, 0.8, 0.025]},
			"faces": {
				"north": {"uv": [0, 0, 0.5, 0.3], "texture": "#1"},
				"east": {"uv": [0, 0, 0.5, 0.3], "texture": "#1"},
				"south": {"uv": [0, 0, 0.5, 0.3], "texture": "#1"},
				"west": {"uv": [0, 0, 0.5, 0.3], "texture": "#1"},
				"up": {"uv": [0, 0, 0.5, 0.5], "texture": "#0"},
				"down": {"uv": [0, 0, 0.5, 0.5], "texture": "#0"}
			}
		},
		{
			"from": [4.525, 1.1, -1.475],
			"to": [5.025, 1.4, 0.025],
			"rotation": {"angle": -45, "axis": "y", "origin": [4.525, 1.1, 0.025]},
			"faces": {
				"north": {"uv": [0, 0, 0.5, 0.3], "texture": "#1"},
				"east": {"uv": [0, 0, 0.5, 0.3], "texture": "#1"},
				"south": {"uv": [0, 0, 0.5, 0.3], "texture": "#1"},
				"west": {"uv": [0, 0, 0.5, 0.3], "texture": "#1"},
				"up": {"uv": [0, 0, 0.5, 0.5], "texture": "#0"},
				"down": {"uv": [0, 0, 0.5, 0.5], "texture": "#0"}
			}
		},
		{
			"from": [4.525, 1.4, -0.975],
			"to": [5.025, 1.7, 0.025],
			"rotation": {"angle": -45, "axis": "y", "origin": [4.525, 1.4, 0.025]},
			"faces": {
				"north": {"uv": [0, 0, 0.5, 0.3], "texture": "#1"},
				"east": {"uv": [0, 0, 0.5, 0.3], "texture": "#1"},
				"south": {"uv": [0, 0, 0.5, 0.3], "texture": "#1"},
				"west": {"uv": [0, 0, 0.5, 0.3], "texture": "#1"},
				"up": {"uv": [0, 0, 0.5, 0.5], "texture": "#0"},
				"down": {"uv": [0, 0, 0.5, 0.5], "texture": "#0"}
			}
		},
		{
			"from": [4.525, 1.7, -0.475],
			"to": [5.025, 2, 0.025],
			"rotation": {"angle": -45, "axis": "y", "origin": [4.525, 1.7, 0.025]},
			"faces": {
				"north": {"uv": [0, 0, 0.5, 0.3], "texture": "#1"},
				"east": {"uv": [0, 0, 0.5, 0.3], "texture": "#1"},
				"south": {"uv": [0, 0, 0.5, 0.3], "texture": "#1"},
				"west": {"uv": [0, 0, 0.5, 0.3], "texture": "#1"},
				"up": {"uv": [0, 0, 0.5, 0.5], "texture": "#0"},
				"down": {"uv": [0, 0, 0.5, 0.5], "texture": "#0"}
			}
		},
		{
			"from": [4.875, 2, -0.325],
			"to": [5.375, 2.3, 0.175],
			"rotation": {"angle": -45, "axis": "y", "origin": [4.875, 2, -0.325]},
			"faces": {
				"north": {"uv": [0, 0, 0.5, 0.3], "texture": "#0"},
				"east": {"uv": [0, 0, 0.5, 0.3], "texture": "#0"},
				"south": {"uv": [0, 0, 0.5, 0.3], "texture": "#0"},
				"west": {"uv": [0, 0, 0.5, 0.3], "texture": "#0"},
				"up": {"uv": [0, 0, 0.5, 0.5], "texture": "#0"},
				"down": {"uv": [0, 0, 0.5, 0.5], "texture": "#0"}
			}
		},
		{
			"from": [4.875, 1.7, -0.825],
			"to": [5.375, 2, -0.325],
			"rotation": {"angle": -45, "axis": "y", "origin": [4.875, 1.7, -0.325]},
			"faces": {
				"north": {"uv": [0, 0, 0.5, 0.3], "texture": "#0"},
				"east": {"uv": [0, 0, 0.5, 0.3], "texture": "#0"},
				"south": {"uv": [0, 0, 0.5, 0.3], "texture": "#0"},
				"west": {"uv": [0, 0, 0.5, 0.3], "texture": "#0"},
				"up": {"uv": [0, 0, 0.5, 0.5], "texture": "#0"},
				"down": {"uv": [0, 0, 0.5, 0.5], "texture": "#0"}
			}
		},
		{
			"from": [4.875, 1.4, -1.325],
			"to": [5.375, 1.7, -0.825],
			"rotation": {"angle": -45, "axis": "y", "origin": [4.875, 1.4, -0.325]},
			"faces": {
				"north": {"uv": [0, 0, 0.5, 0.3], "texture": "#0"},
				"east": {"uv": [0, 0, 0.5, 0.3], "texture": "#0"},
				"south": {"uv": [0, 0, 0.5, 0.3], "texture": "#0"},
				"west": {"uv": [0, 0, 0.5, 0.3], "texture": "#0"},
				"up": {"uv": [0, 0, 0.5, 0.5], "texture": "#0"},
				"down": {"uv": [0, 0, 0.5, 0.5], "texture": "#0"}
			}
		},
		{
			"from": [4.875, 1.1, -1.825],
			"to": [5.375, 1.4, -1.325],
			"rotation": {"angle": -45, "axis": "y", "origin": [4.875, 1.1, -0.325]},
			"faces": {
				"north": {"uv": [0, 0, 0.5, 0.3], "texture": "#0"},
				"east": {"uv": [0, 0, 0.5, 0.3], "texture": "#0"},
				"south": {"uv": [0, 0, 0.5, 0.3], "texture": "#0"},
				"west": {"uv": [0, 0, 0.5, 0.3], "texture": "#0"},
				"up": {"uv": [0, 0, 0.5, 0.5], "texture": "#0"},
				"down": {"uv": [0, 0, 0.5, 0.5], "texture": "#0"}
			}
		},
		{
			"from": [4.875, 0.8, -2.325],
			"to": [5.375, 1.1, -1.825],
			"rotation": {"angle": -45, "axis": "y", "origin": [4.875, 0.8, -0.325]},
			"faces": {
				"north": {"uv": [0, 0, 0.5, 0.3], "texture": "#0"},
				"east": {"uv": [0, 0, 0.5, 0.3], "texture": "#0"},
				"south": {"uv": [0, 0, 0.5, 0.3], "texture": "#0"},
				"west": {"uv": [0, 0, 0.5, 0.3], "texture": "#0"},
				"up": {"uv": [0, 0, 0.5, 0.5], "texture": "#0"},
				"down": {"uv": [0, 0, 0.5, 0.5], "texture": "#0"}
			}
		},
		{
			"from": [4.875, 0.5, -2.825],
			"to": [5.375, 0.8, -2.325],
			"rotation": {"angle": -45, "axis": "y", "origin": [4.875, 0.5, -0.325]},
			"faces": {
				"north": {"uv": [0, 0, 0.5, 0.3], "texture": "#0"},
				"east": {"uv": [0, 0, 0.5, 0.3], "texture": "#0"},
				"south": {"uv": [0, 0, 0.5, 0.3], "texture": "#0"},
				"west": {"uv": [0, 0, 0.5, 0.3], "texture": "#0"},
				"up": {"uv": [0, 0, 0.5, 0.5], "texture": "#0"},
				"down": {"uv": [0, 0, 0.5, 0.5], "texture": "#0"}
			}
		},
		{
			"from": [4.875, 0.5, -2.825],
			"to": [5.375, 0.8, -2.325],
			"rotation": {"angle": -45, "axis": "y", "origin": [4.875, 0.5, -0.325]},
			"faces": {
				"north": {"uv": [0, 0, 0.5, 0.3], "texture": "#0"},
				"east": {"uv": [0, 0, 0.5, 0.3], "texture": "#0"},
				"south": {"uv": [0, 0, 0.5, 0.3], "texture": "#0"},
				"west": {"uv": [0, 0, 0.5, 0.3], "texture": "#0"},
				"up": {"uv": [0, 0, 0.5, 0.5], "texture": "#0"},
				"down": {"uv": [0, 0, 0.5, 0.5], "texture": "#0"}
			}
		},
		{
			"from": [4.875, 0.3, -3.325],
			"to": [5.375, 0.5, -2.825],
			"rotation": {"angle": -45, "axis": "y", "origin": [4.875, 0.2, -0.325]},
			"faces": {
				"north": {"uv": [0, 0, 0.5, 0.3], "texture": "#0"},
				"east": {"uv": [0, 0, 0.5, 0.3], "texture": "#0"},
				"south": {"uv": [0, 0, 0.5, 0.3], "texture": "#0"},
				"west": {"uv": [0, 0, 0.5, 0.3], "texture": "#0"},
				"up": {"uv": [0, 0, 0.5, 0.5], "texture": "#0"},
				"down": {"uv": [0, 0, 0.5, 0.5], "texture": "#0"}
			}
		},
		{
			"from": [4.525, 2, 0.025],
			"to": [5.025, 2.3, 0.525],
			"rotation": {"angle": -45, "axis": "y", "origin": [4.525, 2, 0.025]},
			"faces": {
				"north": {"uv": [0, 0, 0.5, 0.3], "texture": "#0"},
				"east": {"uv": [0, 0, 0.5, 0.3], "texture": "#0"},
				"south": {"uv": [0, 0, 0.5, 0.3], "texture": "#0"},
				"west": {"uv": [0, 0, 0.5, 0.3], "texture": "#0"},
				"up": {"uv": [0, 0, 0.5, 0.5], "texture": "#0"},
				"down": {"uv": [0, 0, 0.5, 0.5], "texture": "#0"}
			}
		},
		{
			"from": [4.175, 2, 0.375],
			"to": [4.675, 2.3, 0.875],
			"rotation": {"angle": -45, "axis": "y", "origin": [4.175, 2, 0.375]},
			"faces": {
				"north": {"uv": [0, 0, 0.5, 0.3], "texture": "#0"},
				"east": {"uv": [0, 0, 0.5, 0.3], "texture": "#0"},
				"south": {"uv": [0, 0, 0.5, 0.3], "texture": "#0"},
				"west": {"uv": [0, 0, 0.5, 0.3], "texture": "#0"},
				"up": {"uv": [0, 0, 0.5, 0.5], "texture": "#0"},
				"down": {"uv": [0, 0, 0.5, 0.5], "texture": "#0"}
			}
		},
		{
			"from": [3.825, 2, 0.725],
			"to": [4.325, 2.3, 1.225],
			"rotation": {"angle": -45, "axis": "y", "origin": [3.825, 2, 0.725]},
			"faces": {
				"north": {"uv": [0, 0, 0.5, 0.3], "texture": "#0"},
				"east": {"uv": [0, 0, 0.5, 0.3], "texture": "#0"},
				"south": {"uv": [0, 0, 0.5, 0.3], "texture": "#0"},
				"west": {"uv": [0, 0, 0.5, 0.3], "texture": "#0"},
				"up": {"uv": [0, 0, 0.5, 0.5], "texture": "#0"},
				"down": {"uv": [0, 0, 0.5, 0.5], "texture": "#0"}
			}
		},
		{
			"from": [3.475, 2, 1.075],
			"to": [3.975, 2.3, 1.575],
			"rotation": {"angle": -45, "axis": "y", "origin": [3.475, 2, 1.075]},
			"faces": {
				"north": {"uv": [0, 0, 0.5, 0.3], "texture": "#0"},
				"east": {"uv": [0, 0, 0.5, 0.3], "texture": "#0"},
				"south": {"uv": [0, 0, 0.5, 0.3], "texture": "#0"},
				"west": {"uv": [0, 0, 0.5, 0.3], "texture": "#0"},
				"up": {"uv": [0, 0, 0.5, 0.5], "texture": "#0"},
				"down": {"uv": [0, 0, 0.5, 0.5], "texture": "#0"}
			}
		},
		{
			"from": [3.475, 0, 1.075],
			"to": [3.975, 0.3, 1.575],
			"rotation": {"angle": -45, "axis": "y", "origin": [3.475, 0, 1.075]},
			"faces": {
				"north": {"uv": [0, 0, 0.5, 0.3], "texture": "#0"},
				"east": {"uv": [0, 0, 0.5, 0.3], "texture": "#0"},
				"south": {"uv": [0, 0, 0.5, 0.3], "texture": "#0"},
				"west": {"uv": [0, 0, 0.5, 0.3], "texture": "#0"},
				"up": {"uv": [0, 0, 0.5, 0.5], "texture": "#0"},
				"down": {"uv": [0, 0, 0.5, 0.5], "texture": "#0"}
			}
		},
		{
			"from": [3.825, 0, 0.725],
			"to": [4.325, 0.3, 1.225],
			"rotation": {"angle": -45, "axis": "y", "origin": [3.825, 0, 0.725]},
			"faces": {
				"north": {"uv": [0, 0, 0.5, 0.3], "texture": "#0"},
				"east": {"uv": [0, 0, 0.5, 0.3], "texture": "#0"},
				"south": {"uv": [0, 0, 0.5, 0.3], "texture": "#0"},
				"west": {"uv": [0, 0, 0.5, 0.3], "texture": "#0"},
				"up": {"uv": [0, 0, 0.5, 0.5], "texture": "#0"},
				"down": {"uv": [0, 0, 0.5, 0.5], "texture": "#0"}
			}
		},
		{
			"from": [4.175, 0, 0.375],
			"to": [4.675, 0.3, 0.875],
			"rotation": {"angle": -45, "axis": "y", "origin": [4.175, 0, 0.375]},
			"faces": {
				"north": {"uv": [0, 0, 0.5, 0.3], "texture": "#0"},
				"east": {"uv": [0, 0, 0.5, 0.3], "texture": "#0"},
				"south": {"uv": [0, 0, 0.5, 0.3], "texture": "#0"},
				"west": {"uv": [0, 0, 0.5, 0.3], "texture": "#0"},
				"up": {"uv": [0, 0, 0.5, 0.5], "texture": "#0"},
				"down": {"uv": [0, 0, 0.5, 0.5], "texture": "#0"}
			}
		},
		{
			"from": [4.525, 0, 0.025],
			"to": [5.025, 0.3, 0.525],
			"rotation": {"angle": -45, "axis": "y", "origin": [4.525, 0, 0.025]},
			"faces": {
				"north": {"uv": [0, 0, 0.5, 0.3], "texture": "#0"},
				"east": {"uv": [0, 0, 0.5, 0.3], "texture": "#0"},
				"south": {"uv": [0, 0, 0.5, 0.3], "texture": "#0"},
				"west": {"uv": [0, 0, 0.5, 0.3], "texture": "#0"},
				"up": {"uv": [0, 0, 0.5, 0.5], "texture": "#0"},
				"down": {"uv": [0, 0, 0.5, 0.5], "texture": "#0"}
			}
		},
		{
			"from": [4.875, 0, -3.325],
			"to": [5.375, 0.3, 0.175],
			"rotation": {"angle": -45, "axis": "y", "origin": [4.875, 0, -0.325]},
			"faces": {
				"north": {"uv": [0, 0, 0.5, 0.3], "texture": "#0"},
				"east": {"uv": [0, 0, 0.5, 0.3], "texture": "#0"},
				"south": {"uv": [0, 0, 0.5, 0.3], "texture": "#0"},
				"west": {"uv": [0, 0, 0.5, 0.3], "texture": "#0"},
				"up": {"uv": [0, 0, 0.5, 0.5], "texture": "#0"},
				"down": {"uv": [0, 0, 0.5, 0.5], "texture": "#0"}
			}
		},
		{
			"from": [3.125, 2, 1.425],
			"to": [3.625, 2.3, 1.925],
			"rotation": {"angle": -22.5, "axis": "y", "origin": [3.125, 2, 1.425]},
			"faces": {
				"north": {"uv": [0, 0, 0.5, 0.3], "texture": "#0"},
				"east": {"uv": [0, 0, 0.5, 0.3], "texture": "#0"},
				"south": {"uv": [0, 0, 0.5, 0.3], "texture": "#0"},
				"west": {"uv": [0, 0, 0.5, 0.3], "texture": "#0"},
				"up": {"uv": [0, 0, 0.5, 0.5], "texture": "#0"},
				"down": {"uv": [0, 0, 0.5, 0.5], "texture": "#0"}
			}
		},
		{
			"from": [2.95, 2, 1.875],
			"to": [3.45, 2.3, 2.375],
			"rotation": {"angle": -22.5, "axis": "y", "origin": [2.95, 2, 1.875]},
			"faces": {
				"north": {"uv": [0, 0, 0.5, 0.3], "texture": "#0"},
				"east": {"uv": [0, 0, 0.5, 0.3], "texture": "#0"},
				"south": {"uv": [0, 0, 0.5, 0.3], "texture": "#0"},
				"west": {"uv": [0, 0, 0.5, 0.3], "texture": "#0"},
				"up": {"uv": [0, 0, 0.5, 0.5], "texture": "#0"},
				"down": {"uv": [0, 0, 0.5, 0.5], "texture": "#0"}
			}
		},
		{
			"from": [2.6, 2, 2.775],
			"to": [3.1, 2.3, 3.275],
			"rotation": {"angle": -22.5, "axis": "y", "origin": [2.6, 2, 2.775]},
			"faces": {
				"north": {"uv": [0, 0, 0.5, 0.3], "texture": "#0"},
				"east": {"uv": [0, 0, 0.5, 0.3], "texture": "#0"},
				"south": {"uv": [0, 0, 0.5, 0.3], "texture": "#0"},
				"west": {"uv": [0, 0, 0.5, 0.3], "texture": "#0"},
				"up": {"uv": [0, 0, 0.5, 0.5], "texture": "#0"},
				"down": {"uv": [0, 0, 0.5, 0.5], "texture": "#0"}
			}
		},
		{
			"from": [2.775, 2, 2.325],
			"to": [3.275, 2.3, 2.825],
			"rotation": {"angle": -22.5, "axis": "y", "origin": [2.775, 2, 2.325]},
			"faces": {
				"north": {"uv": [0, 0, 0.5, 0.3], "texture": "#0"},
				"east": {"uv": [0, 0, 0.5, 0.3], "texture": "#0"},
				"south": {"uv": [0, 0, 0.5, 0.3], "texture": "#0"},
				"west": {"uv": [0, 0, 0.5, 0.3], "texture": "#0"},
				"up": {"uv": [0, 0, 0.5, 0.5], "texture": "#0"},
				"down": {"uv": [0, 0, 0.5, 0.5], "texture": "#0"}
			}
		},
		{
			"from": [2.425, 2, 3.225],
			"to": [2.925, 2.3, 3.725],
			"rotation": {"angle": -22.5, "axis": "y", "origin": [2.425, 2, 3.225]},
			"faces": {
				"north": {"uv": [0, 0, 0.5, 0.3], "texture": "#0"},
				"east": {"uv": [0, 0, 0.5, 0.3], "texture": "#0"},
				"south": {"uv": [0, 0, 0.5, 0.3], "texture": "#0"},
				"west": {"uv": [0, 0, 0.5, 0.3], "texture": "#0"},
				"up": {"uv": [0, 0, 0.5, 0.5], "texture": "#0"},
				"down": {"uv": [0, 0, 0.5, 0.5], "texture": "#0"}
			}
		},
		{
			"from": [2.25, 2, 3.675],
			"to": [2.75, 2.3, 4.175],
			"rotation": {"angle": -22.5, "axis": "y", "origin": [2.25, 2, 3.675]},
			"faces": {
				"north": {"uv": [0, 0, 0.5, 0.3], "texture": "#0"},
				"east": {"uv": [0, 0, 0.5, 0.3], "texture": "#0"},
				"south": {"uv": [0, 0, 0.5, 0.3], "texture": "#0"},
				"west": {"uv": [0, 0, 0.5, 0.3], "texture": "#0"},
				"up": {"uv": [0, 0, 0.5, 0.5], "texture": "#0"},
				"down": {"uv": [0, 0, 0.5, 0.5], "texture": "#0"}
			}
		},
		{
			"from": [2.075, 2, 4.125],
			"to": [2.575, 2.3, 4.625],
			"rotation": {"angle": -22.5, "axis": "y", "origin": [2.075, 2, 4.125]},
			"faces": {
				"north": {"uv": [0, 0, 0.5, 0.3], "texture": "#0"},
				"east": {"uv": [0, 0, 0.5, 0.3], "texture": "#0"},
				"south": {"uv": [0, 0, 0.5, 0.3], "texture": "#0"},
				"west": {"uv": [0, 0, 0.5, 0.3], "texture": "#0"},
				"up": {"uv": [0, 0, 0.5, 0.5], "texture": "#0"},
				"down": {"uv": [0, 0, 0.5, 0.5], "texture": "#0"}
			}
		},
		{
			"from": [1.885, 2, 4.575],
			"to": [2.385, 2.3, 5.075],
			"rotation": {"angle": -22.5, "axis": "y", "origin": [1.875, 2, 4.575]},
			"faces": {
				"north": {"uv": [0, 0, 0.5, 0.3], "texture": "#0"},
				"east": {"uv": [0, 0, 0.5, 0.3], "texture": "#0"},
				"south": {"uv": [0, 0, 0.5, 0.3], "texture": "#0"},
				"west": {"uv": [0, 0, 0.5, 0.3], "texture": "#0"},
				"up": {"uv": [0, 0, 0.5, 0.5], "texture": "#0"},
				"down": {"uv": [0, 0, 0.5, 0.5], "texture": "#0"}
			}
		},
		{
			"from": [1.7, 2, 5.04],
			"to": [2.2, 2.3, 5.54],
			"rotation": {"angle": -22.5, "axis": "y", "origin": [1.7, 2, 5.025]},
			"faces": {
				"north": {"uv": [0, 0, 0.5, 0.3], "texture": "#0"},
				"east": {"uv": [0, 0, 0.5, 0.3], "texture": "#0"},
				"south": {"uv": [0, 0, 0.5, 0.3], "texture": "#0"},
				"west": {"uv": [0, 0, 0.5, 0.3], "texture": "#0"},
				"up": {"uv": [0, 0, 0.5, 0.5], "texture": "#0"},
				"down": {"uv": [0, 0, 0.5, 0.5], "texture": "#0"}
			}
		},
		{
			"from": [3.125, 0, 1.425],
			"to": [3.625, 0.3, 1.925],
			"rotation": {"angle": -22.5, "axis": "y", "origin": [3.125, 0, 1.425]},
			"faces": {
				"north": {"uv": [0, 0, 0.5, 0.3], "texture": "#0"},
				"east": {"uv": [0, 0, 0.5, 0.3], "texture": "#0"},
				"south": {"uv": [0, 0, 0.5, 0.3], "texture": "#0"},
				"west": {"uv": [0, 0, 0.5, 0.3], "texture": "#0"},
				"up": {"uv": [0, 0, 0.5, 0.5], "texture": "#0"},
				"down": {"uv": [0, 0, 0.5, 0.5], "texture": "#0"}
			}
		},
		{
			"from": [2.95, 0, 1.875],
			"to": [3.45, 0.3, 2.375],
			"rotation": {"angle": -22.5, "axis": "y", "origin": [2.95, 0, 1.875]},
			"faces": {
				"north": {"uv": [0, 0, 0.5, 0.3], "texture": "#0"},
				"east": {"uv": [0, 0, 0.5, 0.3], "texture": "#0"},
				"south": {"uv": [0, 0, 0.5, 0.3], "texture": "#0"},
				"west": {"uv": [0, 0, 0.5, 0.3], "texture": "#0"},
				"up": {"uv": [0, 0, 0.5, 0.5], "texture": "#0"},
				"down": {"uv": [0, 0, 0.5, 0.5], "texture": "#0"}
			}
		},
		{
			"from": [2.775, 0, 2.325],
			"to": [3.275, 0.3, 2.825],
			"rotation": {"angle": -22.5, "axis": "y", "origin": [2.775, 0, 2.325]},
			"faces": {
				"north": {"uv": [0, 0, 0.5, 0.3], "texture": "#0"},
				"east": {"uv": [0, 0, 0.5, 0.3], "texture": "#0"},
				"south": {"uv": [0, 0, 0.5, 0.3], "texture": "#0"},
				"west": {"uv": [0, 0, 0.5, 0.3], "texture": "#0"},
				"up": {"uv": [0, 0, 0.5, 0.5], "texture": "#0"},
				"down": {"uv": [0, 0, 0.5, 0.5], "texture": "#0"}
			}
		},
		{
			"from": [2.6, 0, 2.775],
			"to": [3.1, 0.3, 3.275],
			"rotation": {"angle": -22.5, "axis": "y", "origin": [2.6, 0, 2.775]},
			"faces": {
				"north": {"uv": [0, 0, 0.5, 0.3], "texture": "#0"},
				"east": {"uv": [0, 0, 0.5, 0.3], "texture": "#0"},
				"south": {"uv": [0, 0, 0.5, 0.3], "texture": "#0"},
				"west": {"uv": [0, 0, 0.5, 0.3], "texture": "#0"},
				"up": {"uv": [0, 0, 0.5, 0.5], "texture": "#0"},
				"down": {"uv": [0, 0, 0.5, 0.5], "texture": "#0"}
			}
		},
		{
			"from": [2.425, 0, 3.225],
			"to": [2.925, 0.3, 3.725],
			"rotation": {"angle": -22.5, "axis": "y", "origin": [2.425, 0, 3.225]},
			"faces": {
				"north": {"uv": [0, 0, 0.5, 0.3], "texture": "#0"},
				"east": {"uv": [0, 0, 0.5, 0.3], "texture": "#0"},
				"south": {"uv": [0, 0, 0.5, 0.3], "texture": "#0"},
				"west": {"uv": [0, 0, 0.5, 0.3], "texture": "#0"},
				"up": {"uv": [0, 0, 0.5, 0.5], "texture": "#0"},
				"down": {"uv": [0, 0, 0.5, 0.5], "texture": "#0"}
			}
		},
		{
			"from": [2.25, 0, 3.675],
			"to": [2.75, 0.3, 4.175],
			"rotation": {"angle": -22.5, "axis": "y", "origin": [2.25, 0, 3.675]},
			"faces": {
				"north": {"uv": [0, 0, 0.5, 0.3], "texture": "#0"},
				"east": {"uv": [0, 0, 0.5, 0.3], "texture": "#0"},
				"south": {"uv": [0, 0, 0.5, 0.3], "texture": "#0"},
				"west": {"uv": [0, 0, 0.5, 0.3], "texture": "#0"},
				"up": {"uv": [0, 0, 0.5, 0.5], "texture": "#0"},
				"down": {"uv": [0, 0, 0.5, 0.5], "texture": "#0"}
			}
		},
		{
			"from": [2.075, 0, 4.125],
			"to": [2.575, 0.3, 4.625],
			"rotation": {"angle": -22.5, "axis": "y", "origin": [2.075, 0, 4.125]},
			"faces": {
				"north": {"uv": [0, 0, 0.5, 0.3], "texture": "#0"},
				"east": {"uv": [0, 0, 0.5, 0.3], "texture": "#0"},
				"south": {"uv": [0, 0, 0.5, 0.3], "texture": "#0"},
				"west": {"uv": [0, 0, 0.5, 0.3], "texture": "#0"},
				"up": {"uv": [0, 0, 0.5, 0.5], "texture": "#0"},
				"down": {"uv": [0, 0, 0.5, 0.5], "texture": "#0"}
			}
		},
		{
			"from": [1.885, 0, 4.575],
			"to": [2.385, 0.3, 5.075],
			"rotation": {"angle": -22.5, "axis": "y", "origin": [1.875, 0, 4.575]},
			"faces": {
				"north": {"uv": [0, 0, 0.5, 0.3], "texture": "#0"},
				"east": {"uv": [0, 0, 0.5, 0.3], "texture": "#0"},
				"south": {"uv": [0, 0, 0.5, 0.3], "texture": "#0"},
				"west": {"uv": [0, 0, 0.5, 0.3], "texture": "#0"},
				"up": {"uv": [0, 0, 0.5, 0.5], "texture": "#0"},
				"down": {"uv": [0, 0, 0.5, 0.5], "texture": "#0"}
			}
		},
		{
			"from": [1.7, 0, 5.04],
			"to": [2.2, 0.3, 5.54],
			"rotation": {"angle": -22.5, "axis": "y", "origin": [1.7, 0, 5.025]},
			"faces": {
				"north": {"uv": [0, 0, 0.5, 0.3], "texture": "#0"},
				"east": {"uv": [0, 0, 0.5, 0.3], "texture": "#0"},
				"south": {"uv": [0, 0, 0.5, 0.3], "texture": "#0"},
				"west": {"uv": [0, 0, 0.5, 0.3], "texture": "#0"},
				"up": {"uv": [0, 0, 0.5, 0.5], "texture": "#0"},
				"down": {"uv": [0, 0, 0.5, 0.5], "texture": "#0"}
			}
		},
		{
			"from": [1.5, 2, 5.5],
			"to": [2, 2.3, 8.5],
			"rotation": {"angle": 0, "axis": "y", "origin": [1.5, 2, 5.5]},
			"faces": {
				"north": {"uv": [0, 0, 0.5, 0.3], "texture": "#0"},
				"east": {"uv": [0, 0, 0.5, 0.3], "texture": "#0"},
				"south": {"uv": [0, 0, 0.5, 0.3], "texture": "#0"},
				"west": {"uv": [0, 0, 0.5, 0.3], "texture": "#0"},
				"up": {"uv": [0, 0, 0.5, 0.5], "texture": "#0"},
				"down": {"uv": [0, 0, 0.5, 0.5], "texture": "#0"}
			}
		},
		{
			"from": [1.5, 0, 5.5],
			"to": [2, 0.3, 8.5],
			"rotation": {"angle": 0, "axis": "y", "origin": [1.5, 0, 5.5]},
			"faces": {
				"north": {"uv": [0, 0, 0.5, 0.3], "texture": "#0"},
				"east": {"uv": [0, 0, 0.5, 0.3], "texture": "#0"},
				"south": {"uv": [0, 0, 0.5, 0.3], "texture": "#0"},
				"west": {"uv": [0, 0, 0.5, 0.3], "texture": "#0"},
				"up": {"uv": [0, 0, 0.5, 0.5], "texture": "#0"},
				"down": {"uv": [0, 0, 0.5, 0.5], "texture": "#0"}
			}
		},
		{
			"from": [1.689, 2, 8.45],
			"to": [2.214, 2.3, 12.775],
			"rotation": {"angle": 22.5, "axis": "y", "origin": [1.7, 2.5, 8.95]},
			"faces": {
				"north": {"uv": [0.5, 0.5, 1, 0.8], "texture": "#0"},
				"east": {"uv": [0.5, 0.5, 1, 0.8], "texture": "#0"},
				"south": {"uv": [0.5, 0.5, 1, 0.8], "texture": "#0"},
				"west": {"uv": [0.5, 0.5, 1, 0.8], "texture": "#0"},
				"up": {"uv": [0, 0, 0.5, 0.5], "texture": "#0"},
				"down": {"uv": [0, 0, 0.5, 0.5], "texture": "#0"}
			}
		},
		{
			"from": [1.689, 0, 8.45],
			"to": [2.189, 0.3, 8.95],
			"rotation": {"angle": 22.5, "axis": "y", "origin": [1.7, 0.5, 8.95]},
			"faces": {
				"north": {"uv": [0.5, 0.5, 1, 0.8], "texture": "#0"},
				"east": {"uv": [0.5, 0.5, 1, 0.8], "texture": "#0"},
				"south": {"uv": [0.5, 0.5, 1, 0.8], "texture": "#0"},
				"west": {"uv": [0.5, 0.5, 1, 0.8], "texture": "#0"},
				"up": {"uv": [0, 0, 0.5, 0.5], "texture": "#0"},
				"down": {"uv": [0, 0, 0.5, 0.5], "texture": "#0"}
			}
		},
		{
			"from": [1.689, 0.25, 8.95],
			"to": [2.189, 0.575, 9.45],
			"rotation": {"angle": 22.5, "axis": "y", "origin": [1.7, 0.8, 8.95]},
			"faces": {
				"north": {"uv": [0.5, 0.5, 1, 0.8], "texture": "#0"},
				"east": {"uv": [0.5, 0.5, 1, 0.8], "texture": "#0"},
				"south": {"uv": [0.5, 0.5, 1, 0.8], "texture": "#0"},
				"west": {"uv": [0.5, 0.5, 1, 0.8], "texture": "#0"},
				"up": {"uv": [0, 0, 0.5, 0.5], "texture": "#0"},
				"down": {"uv": [0, 0, 0.5, 0.5], "texture": "#0"}
			}
		},
		{
			"from": [1.689, 0.575, 9.45],
			"to": [2.189, 0.875, 9.95],
			"rotation": {"angle": 22.5, "axis": "y", "origin": [1.7, 1.1, 8.95]},
			"faces": {
				"north": {"uv": [0.5, 0.5, 1, 0.8], "texture": "#0"},
				"east": {"uv": [0.5, 0.5, 1, 0.8], "texture": "#0"},
				"south": {"uv": [0.5, 0.5, 1, 0.8], "texture": "#0"},
				"west": {"uv": [0.5, 0.5, 1, 0.8], "texture": "#0"},
				"up": {"uv": [0, 0, 0.5, 0.5], "texture": "#0"},
				"down": {"uv": [0, 0, 0.5, 0.5], "texture": "#0"}
			}
		},
		{
			"from": [1.689, 0.75, 9.9],
			"to": [2.214, 1.05, 12.775],
			"rotation": {"angle": 22.5, "axis": "y", "origin": [1.7, 1.25, 8.95]},
			"faces": {
				"north": {"uv": [0.5, 0.5, 1, 0.8], "texture": "#0"},
				"east": {"uv": [0.5, 0.5, 1, 0.8], "texture": "#0"},
				"south": {"uv": [0.5, 0.5, 1, 0.8], "texture": "#0"},
				"west": {"uv": [0.5, 0.5, 1, 0.8], "texture": "#0"},
				"up": {"uv": [0, 0, 0.5, 0.5], "texture": "#0"},
				"down": {"uv": [0, 0, 0.5, 0.5], "texture": "#0"}
			}
		},
		{
			"from": [3.16, 2, 11.982],
			"to": [6.66, 2.3, 12.482],
			"rotation": {"angle": -45, "axis": "y", "origin": [3.15, 2.5, 12.475]},
			"faces": {
				"north": {"uv": [0.5, 0.5, 1, 0.8], "texture": "#0"},
				"east": {"uv": [0.5, 0.5, 1, 0.8], "texture": "#0"},
				"south": {"uv": [0.5, 0.5, 1, 0.8], "texture": "#0"},
				"west": {"uv": [0.5, 0.5, 1, 0.8], "texture": "#0"},
				"up": {"uv": [0, 0, 0.5, 0.5], "texture": "#0"},
				"down": {"uv": [0, 0, 0.5, 0.5], "texture": "#0"}
			}
		},
		{
			"from": [3.16, 0.75, 11.982],
			"to": [5.61, 1.05, 12.482],
			"rotation": {"angle": -45, "axis": "y", "origin": [3.15, 1.25, 12.475]},
			"faces": {
				"north": {"uv": [0.5, 0.5, 1, 0.8], "texture": "#0"},
				"east": {"uv": [0.5, 0.5, 1, 0.8], "texture": "#0"},
				"south": {"uv": [0.5, 0.5, 1, 0.8], "texture": "#0"},
				"west": {"uv": [0.5, 0.5, 1, 0.8], "texture": "#0"},
				"up": {"uv": [0, 0, 0.5, 0.5], "texture": "#0"},
				"down": {"uv": [0, 0, 0.5, 0.5], "texture": "#0"}
			}
		},
		{
			"from": [7.51, 2, 11.982],
			"to": [9.185, 2.3, 12.482],
			"rotation": {"angle": -45, "axis": "y", "origin": [3.15, 2.5, 12.475]},
			"faces": {
				"north": {"uv": [0.5, 0.5, 1, 0.8], "texture": "#0"},
				"east": {"uv": [0.5, 0.5, 1, 0.8], "texture": "#0"},
				"south": {"uv": [0.5, 0.5, 1, 0.8], "texture": "#0"},
				"west": {"uv": [0.5, 0.5, 1, 0.8], "texture": "#0"},
				"up": {"uv": [0, 0, 0.5, 0.5], "texture": "#0"},
				"down": {"uv": [0, 0, 0.5, 0.5], "texture": "#0"}
			}
		},
		{
			"from": [6.835, 0.75, 11.982],
			"to": [8.36, 1.05, 12.482],
			"rotation": {"angle": -45, "axis": "y", "origin": [3.15, 1.25, 12.475]},
			"faces": {
				"north": {"uv": [0.5, 0.5, 1, 0.8], "texture": "#0"},
				"east": {"uv": [0.5, 0.5, 1, 0.8], "texture": "#0"},
				"south": {"uv": [0.5, 0.5, 1, 0.8], "texture": "#0"},
				"west": {"uv": [0.5, 0.5, 1, 0.8], "texture": "#0"},
				"up": {"uv": [0, 0, 0.5, 0.5], "texture": "#0"},
				"down": {"uv": [0, 0, 0.5, 0.5], "texture": "#0"}
			}
		},
		{
			"from": [5.61, 0.975, 11.982],
			"to": [5.91, 1.275, 12.482],
			"rotation": {"angle": -45, "axis": "y", "origin": [3.15, 1.475, 12.475]},
			"faces": {
				"north": {"uv": [0.5, 0.5, 1, 0.8], "texture": "#0"},
				"east": {"uv": [0.5, 0.5, 1, 0.8], "texture": "#0"},
				"south": {"uv": [0.5, 0.5, 1, 0.8], "texture": "#0"},
				"west": {"uv": [0.5, 0.5, 1, 0.8], "texture": "#0"},
				"up": {"uv": [0, 0, 0.5, 0.5], "texture": "#0"},
				"down": {"uv": [0, 0, 0.5, 0.5], "texture": "#0"}
			}
		},
		{
			"from": [5.885, 1.275, 11.982],
			"to": [6.185, 1.575, 12.482],
			"rotation": {"angle": -45, "axis": "y", "origin": [3.15, 1.775, 12.475]},
			"faces": {
				"north": {"uv": [0.5, 0.5, 1, 0.8], "texture": "#0"},
				"east": {"uv": [0.5, 0.5, 1, 0.8], "texture": "#0"},
				"south": {"uv": [0.5, 0.5, 1, 0.8], "texture": "#0"},
				"west": {"uv": [0.5, 0.5, 1, 0.8], "texture": "#0"},
				"up": {"uv": [0, 0, 0.5, 0.5], "texture": "#0"},
				"down": {"uv": [0, 0, 0.5, 0.5], "texture": "#0"}
			}
		},
		{
			"from": [6.135, 1.575, 11.982],
			"to": [6.435, 1.875, 12.482],
			"rotation": {"angle": -45, "axis": "y", "origin": [3.15, 1.925, 12.475]},
			"faces": {
				"north": {"uv": [0.5, 0.5, 1, 0.8], "texture": "#0"},
				"east": {"uv": [0.5, 0.5, 1, 0.8], "texture": "#0"},
				"south": {"uv": [0.5, 0.5, 1, 0.8], "texture": "#0"},
				"west": {"uv": [0.5, 0.5, 1, 0.8], "texture": "#0"},
				"up": {"uv": [0, 0, 0.5, 0.5], "texture": "#0"},
				"down": {"uv": [0, 0, 0.5, 0.5], "texture": "#0"}
			}
		},
		{
			"from": [6.36, 1.85, 11.982],
			"to": [6.66, 2.15, 12.482],
			"rotation": {"angle": -45, "axis": "y", "origin": [3.15, 2.15, 12.475]},
			"faces": {
				"north": {"uv": [0.5, 0.5, 1, 0.8], "texture": "#0"},
				"east": {"uv": [0.5, 0.5, 1, 0.8], "texture": "#0"},
				"south": {"uv": [0.5, 0.5, 1, 0.8], "texture": "#0"},
				"west": {"uv": [0.5, 0.5, 1, 0.8], "texture": "#0"},
				"up": {"uv": [0, 0, 0.5, 0.5], "texture": "#0"},
				"down": {"uv": [0, 0, 0.5, 0.5], "texture": "#0"}
			}
		},
		{
			"from": [7.51, 1.85, 11.982],
			"to": [7.81, 2.15, 12.482],
			"rotation": {"angle": -45, "axis": "y", "origin": [3.15, 2.15, 12.475]},
			"faces": {
				"north": {"uv": [0.5, 0.5, 1, 0.8], "texture": "#0"},
				"east": {"uv": [0.5, 0.5, 1, 0.8], "texture": "#0"},
				"south": {"uv": [0.5, 0.5, 1, 0.8], "texture": "#0"},
				"west": {"uv": [0.5, 0.5, 1, 0.8], "texture": "#0"},
				"up": {"uv": [0, 0, 0.5, 0.5], "texture": "#0"},
				"down": {"uv": [0, 0, 0.5, 0.5], "texture": "#0"}
			}
		},
		{
			"from": [7.285, 1.575, 11.982],
			"to": [7.585, 1.875, 12.482],
			"rotation": {"angle": -45, "axis": "y", "origin": [3.15, 1.925, 12.475]},
			"faces": {
				"north": {"uv": [0.5, 0.5, 1, 0.8], "texture": "#0"},
				"east": {"uv": [0.5, 0.5, 1, 0.8], "texture": "#0"},
				"south": {"uv": [0.5, 0.5, 1, 0.8], "texture": "#0"},
				"west": {"uv": [0.5, 0.5, 1, 0.8], "texture": "#0"},
				"up": {"uv": [0, 0, 0.5, 0.5], "texture": "#0"},
				"down": {"uv": [0, 0, 0.5, 0.5], "texture": "#0"}
			}
		},
		{
			"from": [7.035, 1.275, 11.982],
			"to": [7.335, 1.575, 12.482],
			"rotation": {"angle": -45, "axis": "y", "origin": [3.15, 1.775, 12.475]},
			"faces": {
				"north": {"uv": [0.5, 0.5, 1, 0.8], "texture": "#0"},
				"east": {"uv": [0.5, 0.5, 1, 0.8], "texture": "#0"},
				"south": {"uv": [0.5, 0.5, 1, 0.8], "texture": "#0"},
				"west": {"uv": [0.5, 0.5, 1, 0.8], "texture": "#0"},
				"up": {"uv": [0, 0, 0.5, 0.5], "texture": "#0"},
				"down": {"uv": [0, 0, 0.5, 0.5], "texture": "#0"}
			}
		},
		{
			"from": [6.835, 0.975, 11.982],
			"to": [7.135, 1.275, 12.482],
			"rotation": {"angle": -45, "axis": "y", "origin": [3.15, 1.475, 12.475]},
			"faces": {
				"north": {"uv": [0.5, 0.5, 1, 0.8], "texture": "#0"},
				"east": {"uv": [0.5, 0.5, 1, 0.8], "texture": "#0"},
				"south": {"uv": [0.5, 0.5, 1, 0.8], "texture": "#0"},
				"west": {"uv": [0.5, 0.5, 1, 0.8], "texture": "#0"},
				"up": {"uv": [0, 0, 0.5, 0.5], "texture": "#0"},
				"down": {"uv": [0, 0, 0.5, 0.5], "texture": "#0"}
			}
		},
		{
			"from": [8.885, 1.75, 11.982],
			"to": [9.185, 2.075, 12.482],
			"rotation": {"angle": -45, "axis": "y", "origin": [3.15, 2.15, 12.475]},
			"faces": {
				"north": {"uv": [0.5, 0.5, 1, 0.8], "texture": "#0"},
				"east": {"uv": [0.5, 0.5, 1, 0.8], "texture": "#0"},
				"south": {"uv": [0.5, 0.5, 1, 0.8], "texture": "#0"},
				"west": {"uv": [0.5, 0.5, 1, 0.8], "texture": "#0"},
				"up": {"uv": [0, 0, 0.5, 0.5], "texture": "#0"},
				"down": {"uv": [0, 0, 0.5, 0.5], "texture": "#0"}
			}
		},
		{
			"from": [8.66, 1.525, 11.982],
			"to": [8.96, 1.8, 12.482],
			"rotation": {"angle": -45, "axis": "y", "origin": [3.15, 1.925, 12.475]},
			"faces": {
				"north": {"uv": [0.5, 0.5, 1, 0.8], "texture": "#0"},
				"east": {"uv": [0.5, 0.5, 1, 0.8], "texture": "#0"},
				"south": {"uv": [0.5, 0.5, 1, 0.8], "texture": "#0"},
				"west": {"uv": [0.5, 0.5, 1, 0.8], "texture": "#0"},
				"up": {"uv": [0, 0, 0.5, 0.5], "texture": "#0"},
				"down": {"uv": [0, 0, 0.5, 0.5], "texture": "#0"}
			}
		},
		{
			"from": [8.41, 1.225, 11.982],
			"to": [8.71, 1.525, 12.482],
			"rotation": {"angle": -45, "axis": "y", "origin": [3.15, 1.775, 12.475]},
			"faces": {
				"north": {"uv": [0.5, 0.5, 1, 0.8], "texture": "#0"},
				"east": {"uv": [0.5, 0.5, 1, 0.8], "texture": "#0"},
				"south": {"uv": [0.5, 0.5, 1, 0.8], "texture": "#0"},
				"west": {"uv": [0.5, 0.5, 1, 0.8], "texture": "#0"},
				"up": {"uv": [0, 0, 0.5, 0.5], "texture": "#0"},
				"down": {"uv": [0, 0, 0.5, 0.5], "texture": "#0"}
			}
		},
		{
			"from": [8.21, 0.975, 11.982],
			"to": [8.51, 1.275, 12.482],
			"rotation": {"angle": -45, "axis": "y", "origin": [3.15, 1.475, 12.475]},
			"faces": {
				"north": {"uv": [0.5, 0.5, 1, 0.8], "texture": "#0"},
				"east": {"uv": [0.5, 0.5, 1, 0.8], "texture": "#0"},
				"south": {"uv": [0.5, 0.5, 1, 0.8], "texture": "#0"},
				"west": {"uv": [0.5, 0.5, 1, 0.8], "texture": "#0"},
				"up": {"uv": [0, 0, 0.5, 0.5], "texture": "#0"},
				"down": {"uv": [0, 0, 0.5, 0.5], "texture": "#0"}
			}
		}
	],
	"display": {
		"thirdperson_righthand": {
			"rotation": [67, 0, 0],
			"translation": [-9.75, 5, 25]
		},
		"thirdperson_lefthand": {
			"translation": [0, 0, 18.5]
		},
		"ground": {
			"translation": [0, 7.5, 0]
		},
		"head": {
			"translation": [-7.5, -16, 0.5],
			"scale": [1.35, 1.68, 1.66]
		}
	},
	"groups": [
		{
			"name": "Health",
			"origin": [3.15, 1.55, 12.475],
			"color": 0,
			"children": [0, 1, 2, 3, 4, 5, 6, 7, 8, 9, 10, 11, 12, 13, 14, 15, 16, 17, 18, 19, 20, 21, 22, 23, 24, 25, 26]
		},
		{
			"name": "Contours",
			"origin": [8, 8, 7],
			"color": 0,
			"children": [
				27,
				28,
				29,
				30,
				31,
				32,
				33,
				34,
				35,
				36,
				37,
				38,
				39,
				40,
				41,
				42,
				43,
				44,
				45,
				46,
				47,
				48,
				49,
				50,
				51,
				52,
				53,
				54,
				55,
				56,
				57,
				58,
				59,
				60,
				61,
				62,
				63,
				64,
				65,
				66,
				67,
				68,
				69,
				70,
				71,
				72,
				73,
				74,
				75,
				76,
				77,
				78,
				79,
				80,
				81,
				82,
				83,
				84
			]
		}
	]
}