{
  "samus.chain": {
    "category": "master",
    "sounds": [
      "warrior:samus/warrior/chain"
    ]
  },
  "samus.chain_hit": {
    "category": "master",
    "sounds": [
      "warrior:samus/warrior/chain_hit"
    ]
  },
  "samus.judgement_leap": {
    "category": "master",
    "sounds": [
      "warrior:samus/warrior/judgement_leap"
    ]
  },
  "samus.judgement_shield_summon": {
    "category": "master",
    "sounds": [
      "warrior:samus/warrior/judgement_shield_summon"
    ]
  },
  "samus.judgement_smash1": {
    "category": "master",
    "sounds": [
      "warrior:samus/warrior/judgement_smash1"
    ]
  },
  "samus.judgement_smash2": {
    "category": "master",
    "sounds": [
      "warrior:samus/warrior/judgement_smash2"
    ]
  },
  "samus.rampage": {
    "category": "master",
    "sounds": [
      "warrior:samus/warrior/rampage"
    ]
  },
  "samus.shield_break": {
    "category": "master",
    "sounds": [
      "warrior:samus/warrior/shield_break"
    ]
  },
  "samus.shield_summon": {
    "category": "master",
    "sounds": [
      "warrior:samus/warrior/shield_summon"
    ]
  },
  "samus.warrior_charge": {
    "category": "master",
    "sounds": [
      "warrior:samus/warrior/warrior_charge"
    ]
  },
  "samus.warrior_pierce": {
    "category": "master",
    "sounds": [
      "warrior:samus/warrior/warrior_pierce"
    ]
  },
  "samus.whirlwind": {
    "category": "master",
    "sounds": [
      "warrior:samus/warrior/whirlwind"
    ]
  },
  "samus.warrior_slash": {
    "category": "master",
    "sounds": [
      "warrior:samus/warrior/warrior_slash1",
	  "warrior:samus/warrior/warrior_slash2"
    ]
  }
}