{ "custom.phantomnightmare.ph_attackeffort": { "category": "hostile", "sounds": [ "emphnmr:mobs/phantomnightmare/ph_attackeffort1" , "emphnmr:mobs/phantomnightmare/ph_attackeffort2" , "emphnmr:mobs/phantomnightmare/ph_attackeffort3" , "emphnmr:mobs/phantomnightmare/ph_attackeffort4"  ], "subtitle": "Spectral growl"},
"custom.phantomnightmare.ph_attackwindup": { "category": "hostile", "sounds": [ "emphnmr:mobs/phantomnightmare/ph_attackwindup1" , "emphnmr:mobs/phantomnightmare/ph_attackwindup2"  ], "subtitle": "Something attacks" },
"custom.phantomnightmare.ph_attackhit": { "category": "hostile", "sounds": [ "emphnmr:mobs/phantomnightmare/ph_attackhit"  ] },
"custom.phantomnightmare.ph_hurtphys": { "category": "hostile", "sounds": [ "emphnmr:mobs/phantomnightmare/ph_hurtphys"  ] },
"custom.phantomnightmare.ph_hurtphysfire": { "category": "hostile", "sounds": [ "emphnmr:mobs/phantomnightmare/ph_hurtphysfire"  ] },

"custom.phantomnightmare.sfetick": { "category": "hostile", "sounds": [ "emphnmr:mobs/fallendefender/sfetick1" , "emphnmr:mobs/fallendefender/sfetick2" , "emphnmr:mobs/fallendefender/sfetick3"  ], "subtitle": "Soul fire"},

"custom.phantomnightmare.ph_hurtbad": { "category": "hostile", "sounds": [ "emphnmr:mobs/phantomnightmare/ph_hurtbad1" , "emphnmr:mobs/phantomnightmare/ph_hurtbad2" , "emphnmr:mobs/phantomnightmare/ph_hurtbad3" , "emphnmr:mobs/phantomnightmare/ph_hurtbad4"  ], "subtitle": "Spectral scream" },
"custom.phantomnightmare.ph_hurt": { "category": "hostile", "sounds": [ "emphnmr:mobs/phantomnightmare/ph_hurt1" , "emphnmr:mobs/phantomnightmare/ph_hurt2" , "emphnmr:mobs/phantomnightmare/ph_hurt3" , "emphnmr:mobs/phantomnightmare/ph_hurt4"  ], "subtitle": "Spectre damaged" },
"custom.phantomnightmare.ph_deathvc": { "category": "hostile", "sounds": [ "emphnmr:mobs/phantomnightmare/ph_deathvc1" , "emphnmr:mobs/phantomnightmare/ph_deathvc2" , "emphnmr:mobs/phantomnightmare/ph_deathvc3" , "emphnmr:mobs/phantomnightmare/ph_deathvc4"  ] },
"custom.phantomnightmare.ph_deatha": { "category": "hostile", "sounds": [ "emphnmr:mobs/phantomnightmare/ph_deatha"  ], "subtitle": "Spectre dies" }, 
"custom.phantomnightmare.ph_deathb": { "category": "hostile", "sounds": [ "emphnmr:mobs/phantomnightmare/ph_deathb"  ], "subtitle": "Spectre dies" }, 

"custom.phantomnightmare.ph_idle": { "category": "hostile", "sounds": [ "emphnmr:mobs/phantomnightmare/ph_idle1" , "emphnmr:mobs/phantomnightmare/ph_idle2" , "emphnmr:mobs/phantomnightmare/ph_idle3" , "emphnmr:mobs/phantomnightmare/ph_idle4" , "emphnmr:mobs/phantomnightmare/ph_idle5"  ], "subtitle": "Spectral voices" },
"custom.phantomnightmare.ph_investigate": { "category": "hostile", "sounds": [ "emphnmr:mobs/phantomnightmare/ph_investigate1" , "emphnmr:mobs/phantomnightmare/ph_investigate2" , "emphnmr:mobs/phantomnightmare/ph_investigate3"  ], "subtitle": "Soulfire shot" },
"custom.phantomnightmare.ph_discover": { "category": "hostile", "sounds": [ "emphnmr:mobs/phantomnightmare/ph_discover1" , "emphnmr:mobs/phantomnightmare/ph_discover2"  ], "subtitle": "Spectre howls" },
"custom.phantomnightmare.ph_screamerdiscover": { "category": "hostile", "sounds": [ "emphnmr:mobs/phantomnightmare/ph_screamerdiscover1" , "emphnmr:mobs/phantomnightmare/ph_screamerdiscover2" , "emphnmr:mobs/phantomnightmare/ph_screamerdiscover3" , "emphnmr:mobs/phantomnightmare/ph_screamerdiscover4"  ], "subtitle": "Spectral screech" },

"custom.phantomnightmare.ph_firettackcast": { "category": "hostile", "sounds": [ "emphnmr:mobs/phantomnightmare/ph_firettackcast"  ], "subtitle": "Soulfire cast"},
"custom.phantomnightmare.ph_firettackchannel": { "category": "hostile", "sounds": [ "emphnmr:mobs/phantomnightmare/ph_firettackchannel1" , "emphnmr:mobs/phantomnightmare/ph_firettackchannel2" , "emphnmr:mobs/phantomnightmare/ph_firettackchannel3"  ], "subtitle": "Soulfire shot"},
"custom.phantomnightmare.ph_lungechannel": { "category": "hostile", "sounds": [ "emphnmr:mobs/phantomnightmare/ph_lungechannel"  ], "subtitle": "Spectral cast" },
"custom.phantomnightmare.ph_lungecast": { "category": "hostile", "sounds": [ "emphnmr:mobs/phantomnightmare/ph_lungecast"  ], "subtitle": "Spectre lunges"},
"custom.phantomnightmare.ph_screamttackchannel": { "category": "hostile", "sounds": [ "emphnmr:mobs/phantomnightmare/ph_screamttackchannel1" , "emphnmr:mobs/phantomnightmare/ph_screamttackchannel2" , "emphnmr:mobs/phantomnightmare/ph_screamttackchannel3"  ] },
"custom.phantomnightmare.ph_screamttackexecute": { "category": "hostile", "sounds": [ "emphnmr:mobs/phantomnightmare/ph_screamttackexecute1" , "emphnmr:mobs/phantomnightmare/ph_screamttackexecute2" , "emphnmr:mobs/phantomnightmare/ph_screamttackexecute3"  ], "subtitle": "Spectral screech" },
"custom.phantomnightmare.ph_attackchannel": { "category": "hostile", "sounds": [ "emphnmr:mobs/phantomnightmare/ph_attackchannel"  ] }, 

"custom.phantomnightmare.ph_laugha": { "category": "hostile", "sounds": [ "emphnmr:mobs/phantomnightmare/ph_laugha1" , "emphnmr:mobs/phantomnightmare/ph_laugha2" , "emphnmr:mobs/phantomnightmare/ph_laugha3"  ], "subtitle": "Spectral laugher" },

"custom.phantomnightmare.herostun": { "category": "hostile", "sounds": [ "emphnmr:spell/fallenhero/stun1" , "emphnmr:spell/fallenhero/stun2"  ] },
"custom.phantomnightmare.attack4reaper": { "category": "hostile", "sounds": [ "emphnmr:spell/fallenreaper/attack4reaper1" , "emphnmr:spell/fallenhero/attack4reaper2" , "emphnmr:spell/fallenhero/attack4reaper3"  ], "subtitle": "Strong swing" },
"custom.phantomnightmare.grandslashcast": { "category": "hostile", "sounds": [ "emphnmr:spell/fallenhero/granslashcast1" , "emphnmr:spell/fallenhero/granslashcast2" , "emphnmr:spell/fallenhero/granslashcast3"  ] },

"custom.spell.sfeproj_cast": { "category": "hostile", "sounds": [ "emphnmr:mobs/fallendefender/sfeproj_cast1" , "emphnmr:mobs/fallendefender/sfeproj_cast2"  ], "subtitle": "Soulfire cast"},
"custom.spell.sfeproj_hit": { "category": "hostile", "sounds": [ "emphnmr:mobs/fallendefender/sfeproj_hit1" , "emphnmr:mobs/fallendefender/sfeproj_hit2"  ], "subtitle": "Soulfire cast" },
"custom.spell.sfeproj_launch": { "category": "hostile", "sounds": [ "emphnmr:mobs/fallendefender/sfeproj_launch1" , "emphnmr:mobs/fallendefender/sfeproj_launch2"  ], "subtitle": "Soulfire Projectile fired" }
}

